Workbook

Sheet 普通模组价格5034B
A1: 普通模组价格5034B-510 | T1: 普通模组价格5034B-310-F5
A2: 序号 | B2: 名称 | C2: 配比 | D2: 芯片 | E2: 亮度 | F2: 尺寸 | G2: 聚积芯片 | H2: 色品坐标 | I2: R数量 | J2: G数量 | K2: B数量 | L2: R单价 | M2: G单价 | N2: B单价 | O2: 灯珠合计 | P2: 5034B加工费 | Q2: 含税单价（单面灌胶） | R2: 含税单价（双面灌胶） | T2: 序号 | U2: 名称 | V2: 配比 | W2: 芯片 | X2: 亮度 | Y2: 尺寸 | Z2: 聚积芯片 | AA2: 色品坐标 | AB2: R数量 | AC2: G数量 | AD2: B数量 | AE2: R单价 | AF2: G单价 | AG2: B单价 | AH2: 灯珠合计 | AI2: 5034B加工费 | AJ2: 含税单价（单面灌胶） | AK2: 含税单价（双面灌胶）
L3: =灯价格!A3 -> 0 | M3: =灯价格!B3 -> 0 | N3: =灯价格!C3 -> 0 | AE3: =灯价格!A7 -> 0 | AF3: =灯价格!B7 -> 0 | AG3: =灯价格!C7 -> 0
A4: =ROW()-3 -> 1 | B4: P33.33 | C4: 4R2G | D4: 晶元金线 | E4: 15000CD/㎡ | F4: 266.64*133.32 | G4: 5034B | H4: 黄色满足交通国标 | I4: =8*4*4 -> 128 | J4: =8*4*2 -> 64 | L4: =L3 -> 0 | M4: =M3 -> 0 | N4: =N3 -> 0 | O4: =I4*L4+J4*M4+K4*N4 -> 0 | Q4: =O4+P4 -> 0 | R4: =Q4+1.5 -> 1.5 | T4: =ROW()-3 -> 1 | U4: P31.25 | V4: 4R2G | W4: 晶元金线 | X4: 15000CD/㎡ | Y4: 250*250 | Z4: 5034B | AA4: 黄色满足交通国标 | AB4: 256 | AC4: 128 | AE4: =AE3 -> 0 | AF4: =AF3 -> 0 | AG4: =AG3 -> 0 | AH4: =AB4*AE4+AC4*AF4+AD4*AG4 -> 0 | AI4: 111.42 | AJ4: =AH4+AI4 -> 111.42 | AK4: =AJ4+3.5 -> 114.92
A5: =ROW()-3 -> 2 | B5: P33.33 | C5: 4R2G1B | D5: 晶元金线 | E5: 15000CD/㎡ | F5: 266.64*133.32 | G5: 5034B | H5: 黄\白色满足交通国标 | I5: =8*4*4 -> 128 | J5: =8*4*2 -> 64 | K5: =8*4*1 -> 32 | L5: =L3 -> 0 | M5: =M3 -> 0 | N5: =N3 -> 0 | O5: =I5*L5+J5*M5+K5*N5 -> 0 | Q5: =O5+P5 -> 0 | R5: =Q5+1.5 -> 1.5 | T5: =ROW()-3 -> 2 | U5: P31.25 | V5: 4R2G1B | W5: 晶元金线 | X5: 15000CD/㎡ | Y5: 250*250 | Z5: 5034B | AA5: 黄\白色满足交通国标 | AB5: 256 | AC5: 128 | AD5: 64 | AE5: =AE4 -> 0 | AF5: =AF4 -> 0 | AG5: =AG4 -> 0 | AH5: =AB5*AE5+AC5*AF5+AD5*AG5 -> 0 | AI5: 118.58 | AJ5: =AH5+AI5 -> 118.58 | AK5: =AJ5+3.5 -> 122.08
A6: =ROW()-3 -> 3 | B6: P33.33 | C6: 3R2G | D6: 晶元金线 | E6: 15000CD/㎡ | F6: 266.64*133.32 | G6: 5034B | H6: 黄色满足交通国标 | I6: 96 | J6: 64 | L6: =L3 -> 0 | M6: =M3 -> 0 | N6: =N3 -> 0 | O6: =I6*L6+J6*M6+K6*N6 -> 0 | Q6: =O6+P6 -> 0 | R6: =Q6+1.5 -> 1.5 | T6: =ROW()-3 -> 3 | U6: P31.25 | V6: 3R2G | W6: 晶元金线 | X6: 15000CD/㎡ | Y6: 250*250 | Z6: 5034B | AA6: 黄色满足交通国标 | AB6: 192 | AC6: 128 | AE6: =AE5 -> 0 | AF6: =AF5 -> 0 | AG6: =AG5 -> 0 | AH6: =AB6*AE6+AC6*AF6+AD6*AG6 -> 0 | AI6: 110.42 | AJ6: =AH6+AI6 -> 110.42 | AK6: =AJ6+3.5 -> 113.92
A7: =ROW()-3 -> 4 | B7: P33.33 | C7: 2R1G | D7: 晶元金线 | E7: 15000CD/㎡ | F7: 266.64*133.32 | G7: 5034B | H7: 黄色满足交通国标 | I7: 64 | J7: 32 | L7: =L3 -> 0 | M7: =M3 -> 0 | N7: =N3 -> 0 | O7: =I7*L7+J7*M7+K7*N7 -> 0 | Q7: =O7+P7 -> 0 | R7: =Q7+1.5 -> 1.5 | T7: =ROW()-3 -> 4 | U7: P31.25 | V7: 3R2G1B | W7: 晶元金线 | X7: 15000CD/㎡ | Y7: 250*250 | Z7: 5034B | AA7: 黄\白色满足交通国标 | AB7: 192 | AC7: 128 | AD7: 64 | AE7: =AE6 -> 0 | AF7: =AF6 -> 0 | AG7: =AG6 -> 0 | AH7: =AB7*AE7+AC7*AF7+AD7*AG7 -> 0 | AI7: 117.58 | AJ7: =AH7+AI7 -> 117.58 | AK7: =AJ7+3.5 -> 121.08
T8: =ROW()-3 -> 5 | U8: P31.25 | V8: 2R1G | W8: 晶元金线 | X8: 15000CD/㎡ | Y8: 250*250 | Z8: 5034B | AA8: 黄色满足交通国标 | AB8: 128 | AC8: 64 | AE8: =AE7 -> 0 | AF8: =AF7 -> 0 | AG8: =AG7 -> 0 | AH8: =AB8*AE8+AC8*AF8+AD8*AG8 -> 0 | AI8: 92.52 | AJ8: =AH8+AI8 -> 92.52 | AK8: =AJ8+3.5 -> 96.02
A9: =ROW()-4 -> 5 | B9: P31.25 | C9: 4R2G | D9: 晶元金线 | E9: 15000CD/㎡ | F9: 250*250 | G9: 5034B | H9: 黄色满足交通国标 | I9: 256 | J9: 128 | L9: =L3 -> 0 | M9: =M3 -> 0 | N9: =N3 -> 0 | O9: =I9*L9+J9*M9+K9*N9 -> 0 | Q9: =O9+P9 -> 0 | R9: =Q9+3.5 -> 3.5 | T9: =ROW()-3 -> 6 | U9: P31.25 | V9: 2R1G1B | W9: 晶元金线 | X9: 15000CD/㎡ | Y9: 250*250 | Z9: 5034B | AA9: 黄\白色满足交通国标 | AB9: 128 | AC9: 64 | AD9: 64 | AE9: =AE8 -> 0 | AF9: =AF8 -> 0 | AG9: =AG8 -> 0 | AH9: =AB9*AE9+AC9*AF9+AD9*AG9 -> 0 | AI9: 106.38 | AJ9: =AH9+AI9 -> 106.38 | AK9: =AJ9+3.5 -> 109.88
A10: =ROW()-4 -> 6 | B10: P31.25 | C10: 4R2G1B | D10: 晶元金线 | E10: 15000CD/㎡ | F10: 250*250 | G10: 5034B | H10: 黄\白色满足交通国标 | I10: 256 | J10: 128 | K10: 64 | L10: =L3 -> 0 | M10: =M3 -> 0 | N10: =N3 -> 0 | O10: =I10*L10+J10*M10+K10*N10 -> 0 | Q10: =O10+P10 -> 0 | R10: =Q10+3.5 -> 3.5
A11: =ROW()-4 -> 7 | B11: P31.25 | C11: 3R2G | D11: 晶元金线 | E11: 15000CD/㎡ | F11: 250*250 | G11: 5034B | H11: 黄色满足交通国标 | I11: 192 | J11: 128 | L11: =L3 -> 0 | M11: =M3 -> 0 | N11: =N3 -> 0 | O11: =I11*L11+J11*M11+K11*N11 -> 0 | Q11: =O11+P11 -> 0 | R11: =Q11+3.5 -> 3.5 | T11: =ROW()-4 -> 7 | U11: P25 | V11: 4R2G | W11: 晶元金线 | X11: 15000CD/㎡ | Y11: 200*200 | Z11: 5034B | AA11: 黄色满足交通国标 | AB11: 256 | AC11: 128 | AE11: =AE3 -> 0 | AF11: =AF3 -> 0 | AG11: =AG3 -> 0 | AH11: =AB11*AE11+AC11*AF11+AD11*AG11 -> 0 | AI11: 90.27 | AJ11: =AH11+AI11 -> 90.27 | AK11: =AJ11+2.5 -> 92.77
A12: =ROW()-4 -> 8 | B12: P31.25 | C12: 3R2G1B | D12: 晶元金线 | E12: 15000CD/㎡ | F12: 250*250 | G12: 5034B | H12: 黄\白色满足交通国标 | I12: 192 | J12: 128 | K12: 64 | L12: =L3 -> 0 | M12: =M3 -> 0 | N12: =N3 -> 0 | O12: =I12*L12+J12*M12+K12*N12 -> 0 | Q12: =O12+P12 -> 0 | R12: =Q12+3.5 -> 3.5 | T12: =ROW()-4 -> 8 | U12: P25 | V12: 4R2G1B | W12: 晶元金线 | X12: 15000CD/㎡ | Y12: 200*200 | Z12: 5034B | AA12: 黄\白色满足交通国标 | AB12: 256 | AC12: 128 | AD12: 64 | AE12: =AE3 -> 0 | AF12: =AF3 -> 0 | AG12: =AG3 -> 0 | AH12: =AB12*AE12+AC12*AF12+AD12*AG12 -> 0
A13: =ROW()-4 -> 9 | B13: P31.25 | C13: 2R1G | D13: 晶元金线 | E13: 15000CD/㎡ | F13: 250*250 | G13: 5034B | H13: 黄色满足交通国标 | I13: 128 | J13: 64 | L13: =L3 -> 0 | M13: =M3 -> 0 | N13: =N3 -> 0 | O13: =I13*L13+J13*M13+K13*N13 -> 0 | Q13: =O13+P13 -> 0 | R13: =Q13+3.5 -> 3.5 | T13: =ROW()-4 -> 9 | U13: P25 | V13: 3R2G | W13: 晶元金线 | X13: 15000CD/㎡ | Y13: 200*200 | Z13: 5034B | AA13: 黄色满足交通国标 | AB13: 192 | AC13: 128 | AE13: =AE3 -> 0 | AF13: =AF3 -> 0 | AG13: =AG3 -> 0 | AH13: =AB13*AE13+AC13*AF13+AD13*AG13 -> 0 | AI13: 89.37 | AJ13: =AH13+AI13 -> 89.37 | AK13: =AJ13+2.5 -> 91.87
A14: =ROW()-4 -> 10 | B14: P31.25 | C14: 2R1G1B | D14: 晶元金线 | E14: 15000CD/㎡ | F14: 250*250 | G14: 5034B | H14: 黄\白色满足交通国标 | I14: 128 | J14: 64 | K14: 64 | L14: =L3 -> 0 | M14: =M3 -> 0 | N14: =N3 -> 0 | O14: =I14*L14+J14*M14+K14*N14 -> 0 | Q14: =O14+P14 -> 0 | R14: =Q14+3.5 -> 3.5 | T14: =ROW()-4 -> 10 | U14: P25 | V14: 3R2G1B | W14: 晶元金线 | X14: 15000CD/㎡ | Y14: 200*200 | Z14: 5034B | AA14: 黄\白色满足交通国标 | AB14: 192 | AC14: 128 | AD14: 64 | AE14: =AE3 -> 0 | AF14: =AF3 -> 0 | AG14: =AG3 -> 0 | AH14: =AB14*AE14+AC14*AF14+AD14*AG14 -> 0 | AI14: 96.53 | AJ14: =AH14+AI14 -> 96.53 | AK14: =AJ14+2.5 -> 99.03
T15: =ROW()-4 -> 11 | U15: P25 | V15: 2R1G | W15: 晶元金线 | X15: 15000CD/㎡ | Y15: 200*200 | Z15: 5034B | AA15: 黄色满足交通国标 | AB15: 128 | AC15: 64 | AE15: =AE3 -> 0 | AF15: =AF3 -> 0 | AG15: =AG3 -> 0 | AH15: =AB15*AE15+AC15*AF15+AD15*AG15 -> 0 | AI15: 80.17 | AJ15: =AH15+AI15 -> 80.17 | AK15: =AJ15+2.5 -> 82.67
A16: =ROW()-5 -> 11 | B16: P25 | C16: 4R2G | D16: 晶元金线 | E16: 15000CD/㎡ | F16: 200*200 | G16: 5034B | H16: 黄色满足交通国标 | I16: 256 | J16: 128 | L16: =L3 -> 0 | M16: =M3 -> 0 | N16: =N3 -> 0 | O16: =I16*L16+J16*M16+K16*N16 -> 0 | Q16: =O16+P16 -> 0 | R16: =Q16+2.5 -> 2.5 | T16: =ROW()-4 -> 12 | U16: P25 | V16: 2R1G1B | W16: 晶元金线 | X16: 15000CD/㎡ | Y16: 200*200 | Z16: 5034B | AA16: 黄\白色满足交通国标 | AB16: 128 | AC16: 64 | AD16: 64 | AE16: =AE3 -> 0 | AF16: =AF3 -> 0 | AG16: =AG3 -> 0 | AH16: =AB16*AE16+AC16*AF16+AD16*AG16 -> 0 | AI16: 85.33 | AJ16: =AH16+AI16 -> 85.33 | AK16: =AJ16+2.5 -> 87.83
A17: =ROW()-5 -> 12 | B17: P25 | C17: 3R2G | D17: 晶元金线 | E17: 15000CD/㎡ | F17: 200*200 | G17: 5034B | H17: 黄色满足交通国标 | I17: 192 | J17: 128 | L17: =L3 -> 0 | M17: =M3 -> 0 | N17: =N3 -> 0 | O17: =I17*L17+J17*M17+K17*N17 -> 0 | Q17: =O17+P17 -> 0 | R17: =Q17+2.5 -> 2.5
A18: =ROW()-5 -> 13 | B18: P25 | C18: 3R2G1B | D18: 晶元金线 | E18: 15000CD/㎡ | F18: 200*200 | G18: 5034B | H18: 黄\白色满足交通国标 | I18: 192 | J18: 128 | K18: 64 | L18: =L3 -> 0 | M18: =M3 -> 0 | N18: =N3 -> 0 | O18: =I18*L18+J18*M18+K18*N18 -> 0 | Q18: =O18+P18 -> 0 | R18: =Q18+2.5 -> 2.5 | T18: =ROW()-5 -> 13 | U18: P20 | V18: 2R1G | W18: 晶元金线 | X18: 15000CD/㎡ | Y18: 320*160 | Z18: 5034B | AA18: 黄色满足交通国标 | AB18: 256 | AC18: 128 | AE18: =AE3 -> 0 | AF18: =AF3 -> 0 | AG18: =AG3 -> 0 | AH18: =AB18*AE18+AC18*AF18+AD18*AG18 -> 0 | AI18: 95.54 | AJ18: =AH18+AI18 -> 95.54 | AK18: =AJ18+3 -> 98.54
A19: =ROW()-5 -> 14 | B19: P25 | C19: 2R1G | D19: 晶元金线 | E19: 15000CD/㎡ | F19: 200*200 | G19: 5034B | H19: 黄色满足交通国标 | I19: 128 | J19: 64 | L19: =L3 -> 0 | M19: =M3 -> 0 | N19: =N3 -> 0 | O19: =I19*L19+J19*M19+K19*N19 -> 0 | Q19: =O19+P19 -> 0 | R19: =Q19+2.5 -> 2.5 | T19: =ROW()-5 -> 14 | U19: P20 | V19: 1R1G1B | W19: 晶元金线 | X19: 15000CD/㎡ | Y19: 320*160 | Z19: 5034B | AA19: 黄\白色满足交通国标 | AB19: 128 | AC19: 128 | AD19: 128 | AE19: =AE3 -> 0 | AF19: =AF3 -> 0 | AG19: =AG3 -> 0 | AH19: =AB19*AE19+AC19*AF19+AD19*AG19 -> 0 | AI19: 104.16 | AJ19: =AH19+AI19 -> 104.16 | AK19: =AJ19+3 -> 107.16
A20: =ROW()-5 -> 15 | B20: P25 | C20: 2R1G1B | D20: 晶元金线 | E20: 15000CD/㎡ | F20: 200*200 | G20: 5034B | H20: 黄\白色满足交通国标 | I20: 128 | J20: 64 | K20: 64 | L20: =L3 -> 0 | M20: =M3 -> 0 | N20: =N3 -> 0 | O20: =I20*L20+J20*M20+K20*N20 -> 0 | Q20: =O20+P20 -> 0 | R20: =Q20+2.5 -> 2.5 | T20: =ROW()-5 -> 15 | U20: P20 | V20: 2R1G1B | W20: 晶元金线 | X20: 15000CD/㎡ | Y20: 320*160 | Z20: 5034B | AA20: 黄\白色满足交通国标 | AB20: 256 | AC20: 128 | AD20: 128 | AE20: =AE3 -> 0 | AF20: =AF3 -> 0 | AG20: =AG3 -> 0 | AH20: =AB20*AE20+AC20*AF20+AD20*AG20 -> 0 | AI20: 106.06 | AJ20: =AH20+AI20 -> 106.06 | AK20: =AJ20+3 -> 109.06
A22: =ROW()-6 -> 16 | B22: P20 | C22: 2R1G | D22: 晶元金线 | E22: 15000CD/㎡ | F22: 320*160 | G22: 5034B | H22: 黄色满足交通国标 | I22: 256 | J22: 128 | L22: =L3 -> 0 | M22: =M3 -> 0 | N22: =N3 -> 0 | O22: =I22*L22+J22*M22+K22*N22 -> 0 | Q22: =O22+P22 -> 0 | R22: =Q22+3 -> 3 | T22: =ROW()-6 -> 16 | U22: P16 | V22: 2R1G | W22: 晶元金线 | X22: 15000CD/㎡ | Y22: 256*256 | Z22: 5034B | AA22: 黄色满足交通国标 | AB22: 512 | AC22: 256 | AE22: =AE3 -> 0 | AF22: =AF3 -> 0 | AG22: =AG3 -> 0 | AH22: =AB22*AE22+AC22*AF22+AD22*AG22 -> 0 | AI22: 137.08 | AJ22: =AH22+AI22 -> 137.08 | AK22: =AJ22+3.5 -> 140.58
A23: =ROW()-6 -> 17 | B23: P20 | C23: 1R1G1B | D23: 晶元金线 | E23: 15000CD/㎡ | F23: 320*160 | G23: 5034B | H23: 黄\白色满足交通国标 | I23: 128 | J23: 128 | K23: 128 | L23: =L3 -> 0 | M23: =M3 -> 0 | N23: =N3 -> 0 | O23: =I23*L23+J23*M23+K23*N23 -> 0 | Q23: =O23+P23 -> 0 | R23: =Q23+3 -> 3 | T23: =ROW()-6 -> 17 | U23: P16 | V23: 1R1G1B | W23: 晶元金线 | X23: 15000CD/㎡ | Y23: 256*256 | Z23: 5034B | AA23: 黄\白色满足交通国标 | AB23: 256 | AC23: 256 | AD23: 256 | AE23: =AE3 -> 0 | AF23: =AF3 -> 0 | AG23: =AG3 -> 0 | AH23: =AB23*AE23+AC23*AF23+AD23*AG23 -> 0 | AI23: 153.92 | AJ23: =AH23+AI23 -> 153.92 | AK23: =AJ23+3.5 -> 157.42
A24: =ROW()-6 -> 18 | B24: P20 | C24: 2R1G1B | D24: 晶元金线 | E24: 15000CD/㎡ | F24: 320*160 | G24: 5034B | H24: 黄\白色满足交通国标 | I24: 256 | J24: 128 | K24: 128 | L24: =L3 -> 0 | M24: =M3 -> 0 | N24: =N3 -> 0 | O24: =I24*L24+J24*M24+K24*N24 -> 0 | Q24: =O24+P24 -> 0 | R24: =Q24+3 -> 3 | T24: =ROW()-6 -> 18 | U24: P16 | V24: 2R1G1B | W24: 晶元金线 | X24: 15000CD/㎡ | Y24: 256*256 | Z24: 5034B | AA24: 黄\白色满足交通国标 | AB24: 512 | AC24: 256 | AD24: 256 | AE24: =AE3 -> 0 | AF24: =AF3 -> 0 | AG24: =AG3 -> 0 | AH24: =AB24*AE24+AC24*AF24+AD24*AG24 -> 0 | AI24: 154.18 | AJ24: =AH24+AI24 -> 154.18 | AK24: =AJ24+3.5 -> 157.68
A26: =ROW()-7 -> 19 | B26: P16 | C26: 2R1G | D26: 晶元金线 | E26: 15000CD/㎡ | F26: 256*256 | G26: 5034B | H26: 黄色满足交通国标 | I26: 512 | J26: 256 | L26: =L3 -> 0 | M26: =M3 -> 0 | N26: =N3 -> 0 | O26: =I26*L26+J26*M26+K26*N26 -> 0 | Q26: =O26+P26 -> 0 | R26: =Q26+3.5 -> 3.5
A27: =ROW()-7 -> 20 | B27: P16 | C27: 1R1G1B | D27: 晶元金线 | E27: 15000CD/㎡ | F27: 256*256 | G27: 5034B | H27: 黄\白色满足交通国标 | I27: 256 | J27: 256 | K27: 256 | L27: =L3 -> 0 | M27: =M3 -> 0 | N27: =N3 -> 0 | O27: =I27*L27+J27*M27+K27*N27 -> 0 | Q27: =O27+P27 -> 0 | R27: =Q27+3.5 -> 3.5
A28: =ROW()-7 -> 21 | B28: P16 | C28: 2R1G1B | D28: 晶元金线 | E28: 15000CD/㎡ | F28: 256*256 | G28: 5034B | H28: 黄\白色满足交通国标 | I28: 512 | J28: 256 | K28: 256 | L28: =L27 -> 0 | M28: =M27 -> 0 | N28: =N27 -> 0 | O28: =I28*L28+J28*M28+K28*N28 -> 0 | Q28: =O28+P28 -> 0 | R28: =Q28+3.5 -> 3.5
T32: 普通模组价格5124-310-F5
T33: 序号 | U33: 名称 | V33: 配比 | W33: 芯片 | X33: 亮度 | Y33: 尺寸 | Z33: 聚积芯片 | AA33: 色品坐标 | AB33: R数量 | AC33: G数量 | AD33: B数量 | AE33: R单价 | AF33: G单价 | AG33: B单价 | AH33: 灯珠合计 | AI33: 5124加工费 | AJ33: 含税单价（单面灌胶） | AK33: 含税单价（双面灌胶）
AE34: =AE3 -> 0 | AF34: =AF3 -> 0 | AG34: =AG3 -> 0
T35: =ROW()-34 -> 1 | U35: P10 | V35: 2R1G | W35: 晶元金线 | X35: 15000CD/㎡ | Y35: 160*320 | Z35: 5124 | AA35: 黄\白色满足交通国标 | AB35: =16*32*2 -> 1024 | AC35: =16*32*1 -> 512 | AE35: =AE34 -> 0 | AF35: =AF34 -> 0 | AG35: =AG34 -> 0 | AH35: =AB35*AE35+AC35*AF35+AD35*AG35 -> 0 | AI35: 89.06 | AJ35: =AH35+AI35 -> 89.06 | AK35: =AJ35+3 -> 92.06
T36: =ROW()-34 -> 2 | U36: P10 | V36: 1R1G | W36: 晶元金线 | X36: 15000CD/㎡ | Y36: 160*320 | Z36: 5124 | AA36: 黄色满足交通国标 | AB36: =16*32*1 -> 512 | AC36: =16*32*1 -> 512 | AE36: =AE35 -> 0 | AF36: =AF35 -> 0 | AG36: =AG35 -> 0 | AH36: =AB36*AE36+AC36*AF36+AD36*AG36 -> 0 | AI36: 87.06 | AJ36: =AH36+AI36 -> 87.06 | AK36: =AJ36+3 -> 90.06
T37: =ROW()-34 -> 3 | U37: P10 | V37: 1R1G1B | W37: 晶元金线 | X37: 15000CD/㎡ | Y37: 160*320 | Z37: 5124 | AA37: 黄\白色满足交通国标 | AB37: =16*32*1 -> 512 | AC37: =16*32*1 -> 512 | AD37: =16*32*1 -> 512 | AE37: =AE36 -> 0 | AF37: =AF36 -> 0 | AG37: =AG36 -> 0 | AH37: =AB37*AE37+AC37*AF37+AD37*AG37 -> 0 | AI37: 91.14 | AJ37: =AH37+AI37 -> 91.14 | AK37: =AJ37+3 -> 94.14

Sheet 普通模组价格16289
A1: 普通模组价格16289S-510 | T1: 普通模组价格16289S-310-F5
A2: 序号 | B2: 名称 | C2: 配比 | D2: 芯片 | E2: 亮度 | F2: 尺寸 | G2: 聚积芯片 | H2: 色品坐标 | I2: R数量 | J2: G数量 | K2: B数量 | L2: R单价 | M2: G单价 | N2: B单价 | O2: 灯珠合计 | P2: 16289S加工费 | Q2: 含税单价（单面灌胶） | R2: 含税单价（双面灌胶） | T2: 序号 | U2: 名称 | V2: 配比 | W2: 芯片 | X2: 亮度 | Y2: 尺寸 | Z2: 聚积芯片 | AA2: 色品坐标 | AB2: R数量 | AC2: G数量 | AD2: B数量 | AE2: R单价 | AF2: G单价 | AG2: B单价 | AH2: 灯珠合计 | AI2: 16289S加工费 | AJ2: 含税单价（单面灌胶） | AK2: 含税单价（双面灌胶）
L3: =灯价格!A3 -> 0 | M3: =灯价格!B3 -> 0 | N3: =灯价格!C3 -> 0 | AE3: =灯价格!A7 -> 0 | AF3: =灯价格!B7 -> 0 | AG3: =灯价格!C7 -> 0
A4: =ROW()-3 -> 1 | B4: P31.25 | C4: 2R1G | D4: 晶元金线 | E4: 15000CD/㎡ | F4: 250*250 | G4: 16289S | H4: 黄色满足交通国标 | I4: 128 | J4: 64 | L4: =L3 -> 0 | M4: =M3 -> 0 | N4: =N3 -> 0 | O4: =I4*L4+J4*M4+K4*N4 -> 0 | Q4: =O4+P4 -> 0 | R4: =Q4+3.5 -> 3.5 | T4: =ROW()-3 -> 1 | U4: P31.25 | V4: 2R1G | W4: 晶元金线 | X4: 15000CD/㎡ | Y4: 250*250 | Z4: 16289S | AA4: 黄色满足交通国标 | AB4: 128 | AC4: 64 | AE4: =AE3 -> 0 | AF4: =AF3 -> 0 | AG4: =AG3 -> 0 | AH4: =AB4*AE4+AC4*AF4+AD4*AG4 -> 0 | AJ4: =AH4+AI4 -> 0 | AK4: =AJ4+3.5 -> 3.5
A5: =ROW()-3 -> 2 | B5: P31.25 | C5: 2R1G1B | D5: 晶元金线 | E5: 15000CD/㎡ | F5: 250*250 | G5: 16289S | H5: 黄\白色满足交通国标 | I5: 128 | J5: 64 | K5: 64 | L5: =L4 -> 0 | M5: =M4 -> 0 | N5: =N4 -> 0 | O5: =I5*L5+J5*M5+K5*N5 -> 0 | Q5: =O5+P5 -> 0 | R5: =Q5+3.5 -> 3.5 | T5: =ROW()-3 -> 2 | U5: P31.25 | V5: 2R1G1B | W5: 晶元金线 | X5: 15000CD/㎡ | Y5: 250*250 | Z5: 16289S | AA5: 黄\白色满足交通国标 | AB5: 128 | AC5: 64 | AD5: 64 | AE5: =AE4 -> 0 | AF5: =AF4 -> 0 | AG5: =AG4 -> 0 | AH5: =AB5*AE5+AC5*AF5+AD5*AG5 -> 0 | AJ5: =AH5+AI5 -> 0 | AK5: =AJ5+3.5 -> 3.5
A7: =ROW()-4 -> 3 | B7: P25 | C7: 2R1G | D7: 晶元金线 | E7: 15000CD/㎡ | F7: 200*200 | G7: 16289S | H7: 黄色满足交通国标 | I7: 128 | J7: 64 | L7: =L3 -> 0 | M7: =M3 -> 0 | N7: =N3 -> 0 | O7: =I7*L7+J7*M7+K7*N7 -> 0 | Q7: =O7+P7 -> 0 | R7: =Q7+2.5 -> 2.5 | T7: =ROW()-4 -> 3 | U7: P25 | V7: 2R1G | W7: 晶元金线 | X7: 15000CD/㎡ | Y7: 200*200 | Z7: 16289S | AA7: 黄色满足交通国标 | AB7: 128 | AC7: 64 | AE7: =AE3 -> 0 | AF7: =AF3 -> 0 | AG7: =AG3 -> 0 | AH7: =AB7*AE7+AC7*AF7+AD7*AG7 -> 0 | AJ7: =AH7+AI7 -> 0 | AK7: =AJ7+2.5 -> 2.5
A8: =ROW()-4 -> 4 | B8: P25 | C8: 2R1G1B | D8: 晶元金线 | E8: 15000CD/㎡ | F8: 200*200 | G8: 16289S | H8: 黄\白色满足交通国标 | I8: 128 | J8: 64 | K8: 64 | L8: =L3 -> 0 | M8: =M3 -> 0 | N8: =N3 -> 0 | O8: =I8*L8+J8*M8+K8*N8 -> 0 | Q8: =O8+P8 -> 0 | R8: =Q8+2.5 -> 2.5 | T8: =ROW()-4 -> 4 | U8: P25 | V8: 2R1G1B | W8: 晶元金线 | X8: 15000CD/㎡ | Y8: 200*200 | Z8: 16289S | AA8: 黄\白色满足交通国标 | AB8: 128 | AC8: 64 | AD8: 64 | AE8: =AE3 -> 0 | AF8: =AF3 -> 0 | AG8: =AG3 -> 0 | AH8: =AB8*AE8+AC8*AF8+AD8*AG8 -> 0 | AJ8: =AH8+AI8 -> 0 | AK8: =AJ8+2.5 -> 2.5
A10: =ROW()-5 -> 5 | B10: P20 | C10: 2R1G | D10: 晶元金线 | E10: 15000CD/㎡ | F10: 320*160 | G10: 16289S | H10: 黄色满足交通国标 | I10: 256 | J10: 128 | L10: =L3 -> 0 | M10: =M3 -> 0 | N10: =N3 -> 0 | O10: =I10*L10+J10*M10+K10*N10 -> 0 | Q10: =O10+P10 -> 0 | R10: =Q10+3 -> 3 | T10: =ROW()-5 -> 5 | U10: P20 | V10: 2R1G | W10: 晶元金线 | X10: 15000CD/㎡ | Y10: 320*160 | Z10: 16289S | AA10: 黄色满足交通国标 | AB10: 256 | AC10: 128 | AE10: =AE3 -> 0 | AF10: =AF3 -> 0 | AG10: =AG3 -> 0 | AH10: =AB10*AE10+AC10*AF10+AD10*AG10 -> 0 | AJ10: =AH10+AI10 -> 0 | AK10: =AJ10+3 -> 3
A11: =ROW()-5 -> 6 | B11: P20 | C11: 1R1G1B | D11: 晶元金线 | E11: 15000CD/㎡ | F11: 320*160 | G11: 16289S | H11: 黄\白色满足交通国标 | I11: 128 | J11: 128 | K11: 128 | L11: =L3 -> 0 | M11: =M3 -> 0 | N11: =N3 -> 0 | O11: =I11*L11+J11*M11+K11*N11 -> 0 | Q11: =O11+P11 -> 0 | R11: =Q11+3 -> 3 | T11: =ROW()-5 -> 6 | U11: P20 | V11: 1R1G1B | W11: 晶元金线 | X11: 15000CD/㎡ | Y11: 320*160 | Z11: 16289S | AA11: 黄\白色满足交通国标 | AB11: 128 | AC11: 128 | AD11: 128 | AE11: =AE3 -> 0 | AF11: =AF3 -> 0 | AG11: =AG3 -> 0 | AH11: =AB11*AE11+AC11*AF11+AD11*AG11 -> 0 | AJ11: =AH11+AI11 -> 0 | AK11: =AJ11+3 -> 3
A12: =ROW()-5 -> 7 | B12: P20 | C12: 2R1G1B | D12: 晶元金线 | E12: 15000CD/㎡ | F12: 320*160 | G12: 16289S | H12: 黄\白色满足交通国标 | I12: 256 | J12: 128 | K12: 128 | L12: =L3 -> 0 | M12: =M3 -> 0 | N12: =N3 -> 0 | O12: =I12*L12+J12*M12+K12*N12 -> 0 | Q12: =O12+P12 -> 0 | R12: =Q12+3 -> 3 | T12: =ROW()-5 -> 7 | U12: P20 | V12: 2R1G1B | W12: 晶元金线 | X12: 15000CD/㎡ | Y12: 320*160 | Z12: 16289S | AA12: 黄\白色满足交通国标 | AB12: 256 | AC12: 128 | AD12: 128 | AE12: =AE3 -> 0 | AF12: =AF3 -> 0 | AG12: =AG3 -> 0 | AH12: =AB12*AE12+AC12*AF12+AD12*AG12 -> 0 | AJ12: =AH12+AI12 -> 0 | AK12: =AJ12+3 -> 3
A14: =ROW()-6 -> 8 | B14: P16 | C14: 2R1G | D14: 晶元金线 | E14: 15000CD/㎡ | F14: 256*256 | G14: 16289S | H14: 黄色满足交通国标 | I14: 512 | J14: 256 | L14: =L3 -> 0 | M14: =M3 -> 0 | N14: =N3 -> 0 | O14: =I14*L14+J14*M14+K14*N14 -> 0 | Q14: =O14+P14 -> 0 | R14: =Q14+3.5 -> 3.5 | T14: =ROW()-6 -> 8 | U14: P16 | V14: 2R1G | W14: 晶元金线 | X14: 15000CD/㎡ | Y14: 256*256 | Z14: 16289S | AA14: 黄色满足交通国标 | AB14: 512 | AC14: 256 | AE14: =AE3 -> 0 | AF14: =AF3 -> 0 | AG14: =AG3 -> 0 | AH14: =AB14*AE14+AC14*AF14+AD14*AG14 -> 0 | AJ14: =AH14+AI14 -> 0 | AK14: =AJ14+3.5 -> 3.5
A15: =ROW()-6 -> 9 | B15: P16 | C15: 1R1G1B | D15: 晶元金线 | E15: 15000CD/㎡ | F15: 256*256 | G15: 16289S | H15: 黄\白色满足交通国标 | I15: 256 | J15: 256 | K15: 256 | L15: =L3 -> 0 | M15: =M3 -> 0 | N15: =N3 -> 0 | O15: =I15*L15+J15*M15+K15*N15 -> 0 | Q15: =O15+P15 -> 0 | R15: =Q15+3.5 -> 3.5 | T15: =ROW()-6 -> 9 | U15: P16 | V15: 1R1G1B | W15: 晶元金线 | X15: 15000CD/㎡ | Y15: 256*256 | Z15: 16289S | AA15: 黄\白色满足交通国标 | AB15: 256 | AC15: 256 | AD15: 256 | AE15: =AE3 -> 0 | AF15: =AF3 -> 0 | AG15: =AG3 -> 0 | AH15: =AB15*AE15+AC15*AF15+AD15*AG15 -> 0 | AJ15: =AH15+AI15 -> 0 | AK15: =AJ15+3.5 -> 3.5
A16: =ROW()-6 -> 10 | B16: P16 | C16: 2R1G1B | D16: 晶元金线 | E16: 15000CD/㎡ | F16: 256*256 | G16: 16289S | H16: 黄\白色满足交通国标 | I16: 512 | J16: 256 | K16: 256 | L16: =L3 -> 0 | M16: =M3 -> 0 | N16: =N3 -> 0 | O16: =I16*L16+J16*M16+K16*N16 -> 0 | Q16: =O16+P16 -> 0 | R16: =Q16+3.5 -> 3.5 | T16: =ROW()-6 -> 10 | U16: P16 | V16: 2R1G1B | W16: 晶元金线 | X16: 15000CD/㎡ | Y16: 256*256 | Z16: 16289S | AA16: 黄\白色满足交通国标 | AB16: 512 | AC16: 256 | AD16: 256 | AE16: =AE3 -> 0 | AF16: =AF3 -> 0 | AG16: =AG3 -> 0 | AH16: =AB16*AE16+AC16*AF16+AD16*AG16 -> 0 | AJ16: =AH16+AI16 -> 0 | AK16: =AJ16+3.5 -> 3.5
T18: =ROW()-7 -> 11 | U18: P10 | V18: 2R1G | W18: 晶元金线 | X18: 15000CD/㎡ | Y18: 160*320 | Z18: 16289 | AA18: 黄\白色满足交通国标 | AB18: =16*32*2 -> 1024 | AC18: =16*32*1 -> 512 | AE18: =AE3 -> 0 | AF18: =AF3 -> 0 | AG18: =AG3 -> 0 | AH18: =AB18*AE18+AC18*AF18+AD18*AG18 -> 0 | AJ18: =AH18+AI18 -> 0 | AK18: =AJ18+3 -> 3
T19: =ROW()-7 -> 12 | U19: P10 | V19: 1R1G | W19: 晶元金线 | X19: 15000CD/㎡ | Y19: 160*320 | Z19: 16289 | AA19: 黄色满足交通国标 | AB19: =16*32*1 -> 512 | AC19: =16*32*1 -> 512 | AE19: =AE3 -> 0 | AF19: =AF3 -> 0 | AG19: =AG3 -> 0 | AH19: =AB19*AE19+AC19*AF19+AD19*AG19 -> 0 | AJ19: =AH19+AI19 -> 0 | AK19: =AJ19+3 -> 3
T20: =ROW()-7 -> 13 | U20: P10 | V20: 1R1G1B | W20: 晶元金线 | X20: 15000CD/㎡ | Y20: 160*320 | Z20: 16289 | AA20: 黄\白色满足交通国标 | AB20: =16*32*1 -> 512 | AC20: =16*32*1 -> 512 | AD20: =16*32*1 -> 512 | AE20: =AE3 -> 0 | AF20: =AF3 -> 0 | AG20: =AG3 -> 0 | AH20: =AB20*AE20+AC20*AF20+AD20*AG20 -> 0 | AJ20: =AH20+AI20 -> 0 | AK20: =AJ20+3 -> 3

Sheet 250-500模组价格5034
A1: 250*500模组价格5034B-310-F5
A2: 序号 | B2: 名称 | C2: 配比 | D2: 芯片 | E2: 亮度 | F2: 尺寸 | G2: 聚积芯片 | H2: 色品坐标 | I2: R数量 | J2: G数量 | K2: B数量 | L2: R单价 | M2: G单价 | N2: B单价 | O2: 灯珠合计 | P2: 套件单价 | Q2: 5034B加工费 | R2: 含税单价（单面灌胶） | S2: 含税单价（双面灌胶） | T2: 备注
L3: =灯价格!A7 -> 0 | M3: =灯价格!B7 -> 0 | N3: =灯价格!C7 -> 0 | T3: 310灯珠
A4: =ROW()-3 -> 1 | B4: P31.25 | C4: 4R2G | D4: 晶元金线 | E4: 15000CD/㎡ | F4: 250*500 | G4: 5034B | H4: 黄色满足交通国标 | I4: =8*16*4 -> 512 | J4: =8*16*2 -> 256 | L4: =L3 -> 0 | M4: =M3 -> 0 | N4: =N3 -> 0 | O4: =I4*L4+J4*M4+K4*N4 -> 0 | P4: =套件!G8 -> 0 | R4: =Q4+P4+O4 -> 0 | S4: =R4+3.5 -> 3.5 | T4: 310灯珠
A5: =ROW()-3 -> 2 | B5: P31.25 | C5: 4R2G1B | D5: 晶元金线 | E5: 15000CD/㎡ | F5: 250*500 | G5: 5034B | H5: 黄\白色满足交通国标 | I5: =8*16*4 -> 512 | J5: =8*16*2 -> 256 | K5: =8*16*1 -> 128 | L5: =L3 -> 0 | M5: =M3 -> 0 | N5: =N3 -> 0 | O5: =I5*L5+J5*M5+K5*N5 -> 0 | P5: =P4 -> 0 | R5: =Q5+P5+O5 -> 0 | S5: =R5+3.5 -> 3.5 | T5: 310灯珠
A6: =ROW()-3 -> 3 | B6: P31.25 | C6: 3R2G | D6: 晶元金线 | E6: 15000CD/㎡ | F6: 250*500 | G6: 5034B | H6: 黄色满足交通国标 | I6: =8*16*3 -> 384 | J6: =8*16*2 -> 256 | L6: =L3 -> 0 | M6: =M3 -> 0 | N6: =N3 -> 0 | O6: =I6*L6+J6*M6+K6*N6 -> 0 | P6: =P5 -> 0 | R6: =Q6+P6+O6 -> 0 | S6: =R6+3.5 -> 3.5 | T6: 310灯珠
A7: =ROW()-3 -> 4 | B7: P31.25 | C7: 3R2G1B | D7: 晶元金线 | E7: 15000CD/㎡ | F7: 250*500 | G7: 5034B | H7: 黄\白色满足交通国标 | I7: =8*16*3 -> 384 | J7: =8*16*2 -> 256 | K7: =8*16*1 -> 128 | L7: =L3 -> 0 | M7: =M3 -> 0 | N7: =N3 -> 0 | O7: =I7*L7+J7*M7+K7*N7 -> 0 | P7: =P6 -> 0 | R7: =Q7+P7+O7 -> 0 | S7: =R7+3.5 -> 3.5 | T7: 310灯珠
A8: =ROW()-3 -> 5 | B8: P31.25 | C8: 2R1G | D8: 晶元金线 | E8: 15000CD/㎡ | F8: 250*500 | G8: 5034B | H8: 黄色满足交通国标 | I8: =8*16*2 -> 256 | J8: =8*16*1 -> 128 | L8: =L3 -> 0 | M8: =M3 -> 0 | N8: =N3 -> 0 | O8: =I8*L8+J8*M8+K8*N8 -> 0 | P8: =P7 -> 0 | R8: =Q8+P8+O8 -> 0 | S8: =R8+3.5 -> 3.5 | T8: 310灯珠
A9: =ROW()-3 -> 6 | B9: P31.25 | C9: 2R1G1B | D9: 晶元金线 | E9: 15000CD/㎡ | F9: 250*500 | G9: 5034B | H9: 黄\白色满足交通国标 | I9: =8*16*3 -> 384 | J9: =8*16*1 -> 128 | K9: =8*16*1 -> 128 | L9: =L3 -> 0 | M9: =M3 -> 0 | N9: =N3 -> 0 | O9: =I9*L9+J9*M9+K9*N9 -> 0 | P9: =P8 -> 0 | R9: =Q9+P9+O9 -> 0 | S9: =R9+3.5 -> 3.5 | T9: 310灯珠
A11: =ROW()-3 -> 8 | B11: P25 | C11: 4R2G | D11: 晶元金线 | E11: 15000CD/㎡ | F11: 250*500 | G11: 5034B | H11: 黄色满足交通国标 | I11: =10*20*4 -> 800 | J11: =10*20*2 -> 400 | L11: =L3 -> 0 | M11: =M3 -> 0 | N11: =N3 -> 0 | O11: =I11*L11+J11*M11+K11*N11 -> 0 | P11: =套件!G7 -> 0 | R11: =Q11+P11+O11 -> 0 | S11: =R11+3.5 -> 3.5 | T11: 310灯珠
A12: =ROW()-3 -> 9 | B12: P25 | C12: 3R2G | D12: 晶元金线 | E12: 15000CD/㎡ | F12: 250*500 | G12: 5034B | H12: 黄色满足交通国标 | I12: =10*20*3 -> 600 | J12: =10*20*2 -> 400 | L12: =L3 -> 0 | M12: =M3 -> 0 | N12: =N3 -> 0 | O12: =I12*L12+J12*M12+K12*N12 -> 0 | P12: =P11 -> 0 | R12: =Q12+P12+O12 -> 0 | S12: =R12+3.5 -> 3.5 | T12: 310灯珠
A13: =ROW()-3 -> 10 | B13: P25 | C13: 3R2G1B | D13: 晶元金线 | E13: 15000CD/㎡ | F13: 250*500 | G13: 5034B | H13: 黄\白色满足交通国标 | I13: =10*20*3 -> 600 | J13: =10*20*2 -> 400 | K13: =10*20*1 -> 200 | L13: =L3 -> 0 | M13: =M3 -> 0 | N13: =N3 -> 0 | O13: =I13*L13+J13*M13+K13*N13 -> 0 | P13: =P12 -> 0 | R13: =Q13+P13+O13 -> 0 | S13: =R13+3.5 -> 3.5 | T13: 310灯珠
A14: =ROW()-3 -> 11 | B14: P25 | C14: 2R1G | D14: 晶元金线 | E14: 15000CD/㎡ | F14: 250*500 | G14: 5034B | H14: 黄色满足交通国标 | I14: =10*20*2 -> 400 | J14: =10*20*1 -> 200 | L14: =L3 -> 0 | M14: =M3 -> 0 | N14: =N3 -> 0 | O14: =I14*L14+J14*M14+K14*N14 -> 0 | P14: =P13 -> 0 | R14: =Q14+P14+O14 -> 0 | S14: =R14+3.5 -> 3.5 | T14: 310灯珠
A15: =ROW()-3 -> 12 | B15: P25 | C15: 2R1G1B | D15: 晶元金线 | E15: 15000CD/㎡ | F15: 250*500 | G15: 5034B | H15: 黄\白色满足交通国标 | I15: =10*20*2 -> 400 | J15: =10*20*1 -> 200 | K15: =10*20*1 -> 200 | L15: =L3 -> 0 | M15: =M3 -> 0 | N15: =N3 -> 0 | O15: =I15*L15+J15*M15+K15*N15 -> 0 | P15: =P14 -> 0 | R15: =Q15+P15+O15 -> 0 | S15: =R15+3.5 -> 3.5 | T15: 310灯珠
A17: =ROW()-3 -> 14 | B17: P20.833 | C17: 2R1G | D17: 晶元金线 | E17: 15000CD/㎡ | F17: 250*500 | G17: 5034B | H17: 黄色满足交通国标 | I17: =12*24*2 -> 576 | J17: =12*24*1 -> 288 | L17: =L3 -> 0 | M17: =M3 -> 0 | N17: =N3 -> 0 | O17: =I17*L17+J17*M17+K17*N17 -> 0 | P17: =套件!G6 -> 0 | R17: =Q17+P17+O17 -> 0 | S17: =R17+3.5 -> 3.5 | T17: 310灯珠 | U17: 鑫恩拓报价
A18: =ROW()-3 -> 15 | B18: P20.833 | C18: 2R1G1B | D18: 晶元金线 | E18: 15000CD/㎡ | F18: 250*500 | G18: 5034B | H18: 黄\白色满足交通国标 | I18: =12*24*2 -> 576 | J18: =12*24*1 -> 288 | K18: =12*24*1 -> 288 | L18: =L3 -> 0 | M18: =M3 -> 0 | N18: =N3 -> 0 | O18: =I18*L18+J18*M18+K18*N18 -> 0 | P18: =P17 -> 0 | R18: =Q18+P18+O18 -> 0 | S18: =R18+3.5 -> 3.5 | T18: 310灯珠 | U18: 鑫恩拓报价
A19: =ROW()-3 -> 16 | B19: P20.833 | C19: 1R1G | D19: 晶元金线 | E19: 15000CD/㎡ | F19: 250*500 | G19: 5034B | H19: 黄\白色满足交通国标 | I19: =12*24*1 -> 288 | J19: =12*24*1 -> 288 | L19: =L3 -> 0 | M19: =M3 -> 0 | N19: =N3 -> 0 | O19: =I19*L19+J19*M19+K19*N19 -> 0 | P19: =P18 -> 0 | R19: =Q19+P19+O19 -> 0 | S19: =R19+3.5 -> 3.5 | T19: 310灯珠 | U19: 鑫恩拓报价
A20: =ROW()-3 -> 17 | B20: P20.833 | C20: 1R1G1B | D20: 晶元金线 | E20: 15000CD/㎡ | F20: 250*500 | G20: 5034B | H20: 黄\白色满足交通国标 | I20: =12*24*1 -> 288 | J20: =12*24*1 -> 288 | K20: =12*24*1 -> 288 | L20: =L4 -> 0 | M20: =M4 -> 0 | N20: =N4 -> 0 | O20: =I20*L20+J20*M20+K20*N20 -> 0 | P20: =P19 -> 0 | R20: =Q20+P20+O20 -> 0 | S20: =R20+3.5 -> 3.5 | T20: 310灯珠 | U20: 鑫恩拓报价
A22: =ROW()-3 -> 19 | B22: P15.625 | C22: 2R1G | D22: 晶元金线 | E22: 15000CD/㎡ | F22: 250*500 | G22: 5034B | H22: 黄色满足交通国标 | I22: =16*32*2 -> 1024 | J22: =16*32*1 -> 512 | L22: =L3 -> 0 | M22: =M3 -> 0 | N22: =N3 -> 0 | O22: =I22*L22+J22*M22+K22*N22 -> 0 | P22: =套件!G5 -> 0 | R22: =Q22+P22+O22 -> 0 | S22: =R22+3.5 -> 3.5 | T22: 310灯珠 | U22: 鑫恩拓报价
A23: =ROW()-3 -> 20 | B23: P15.625 | C23: 2R1G1B | D23: 晶元金线 | E23: 15000CD/㎡ | F23: 250*500 | G23: 5034B | H23: 黄\白色满足交通国标 | I23: =16*32*2 -> 1024 | J23: =16*32*1 -> 512 | K23: =16*32*1 -> 512 | L23: =L22 -> 0 | M23: =M22 -> 0 | N23: =N22 -> 0 | O23: =I23*L23+J23*M23+K23*N23 -> 0 | P23: =P22 -> 0 | R23: =Q23+P23+O23 -> 0 | S23: =R23+3.5 -> 3.5 | T23: 310灯珠 | U23: 鑫恩拓报价
A24: =ROW()-3 -> 21 | B24: P15.625 | C24: 1R1G | D24: 晶元金线 | E24: 15000CD/㎡ | F24: 250*500 | G24: 5034B | H24: 黄色满足交通国标 | I24: 512 | J24: =16*32*1 -> 512 | L24: =L23 -> 0 | M24: =M23 -> 0 | N24: =N23 -> 0 | O24: =I24*L24+J24*M24+K24*N24 -> 0 | P24: =P23 -> 0 | R24: =Q24+P24+O24 -> 0 | S24: =R24+3.5 -> 3.5 | T24: 310灯珠 | U24: 鑫恩拓报价
A25: =ROW()-3 -> 22 | B25: P15.625 | C25: 1R1G1B | D25: 晶元金线 | E25: 15000CD/㎡ | F25: 250*500 | G25: 5034B | H25: 黄\白色满足交通国标 | I25: =16*32*1 -> 512 | J25: =16*32*1 -> 512 | K25: =16*32*1 -> 512 | L25: =L24 -> 0 | M25: =M24 -> 0 | N25: =N24 -> 0 | O25: =I25*L25+J25*M25+K25*N25 -> 0 | P25: =P24 -> 0 | R25: =Q25+P25+O25 -> 0 | S25: =R25+3.5 -> 3.5 | T25: 310灯珠 | U25: 鑫恩拓报价
A27: 250*500模组价格5124-310-F5
A28: 序号 | B28: 名称 | C28: 配比 | D28: 芯片 | E28: 亮度 | F28: 尺寸 | G28: 聚积芯片 | H28: 色品坐标 | I28: R数量 | J28: G数量 | K28: B数量 | L28: R单价 | M28: G单价 | N28: B单价 | O28: 灯珠合计 | P28: 套件单价 | Q28: 5124加工费 | R28: 含税单价（单面灌胶） | S28: 含税单价（双面灌胶） | T28: 备注
L29: =L3 -> 0 | M29: =M3 -> 0 | N29: =N3 -> 0 | T29: 310灯珠
A30: =ROW()-7 -> 23 | B30: P10.416 | C30: 2R1G | D30: 晶元金线 | E30: 15000CD/㎡ | F30: 250*500 | G30: 5124 | H30: 黄\白色满足交通国标 | I30: =24*48*2 -> 2304 | J30: =24*48*1 -> 1152 | L30: =L29 -> 0 | M30: =M29 -> 0 | N30: =N29 -> 0 | O30: =I30*L30+J30*M30+K30*N30 -> 0 | P30: =套件!G4 -> 0 | R30: =Q30+O30 -> 0 | S30: =R30+3.5 -> 3.5 | T30: 310灯珠
A31: =ROW()-7 -> 24 | B31: P10.416 | C31: 1R1G | D31: 晶元金线 | E31: 15000CD/㎡ | F31: 250*500 | G31: 5124 | H31: 黄色满足交通国标 | I31: =24*48*1 -> 1152 | J31: =24*48*1 -> 1152 | L31: =L30 -> 0 | M31: =M30 -> 0 | N31: =N30 -> 0 | O31: =I31*L31+J31*M31+K31*N31 -> 0 | P31: =P30 -> 0 | R31: =Q31+O31 -> 0 | S31: =R31+3.5 -> 3.5 | T31: 310灯珠
A32: =ROW()-7 -> 25 | B32: P10.416 | C32: 1R1G1B | D32: 晶元金线 | E32: 15000CD/㎡ | F32: 250*500 | G32: 5124 | H32: 黄\白色满足交通国标 | I32: =24*48*1 -> 1152 | J32: =24*48*1 -> 1152 | K32: =24*48*1 -> 1152 | L32: =L31 -> 0 | M32: =M31 -> 0 | N32: =N31 -> 0 | O32: =I32*L32+J32*M32+K32*N32 -> 0 | P32: =P31 -> 0 | R32: =Q32+O32 -> 0 | S32: =R32+3.5 -> 3.5 | T32: 310灯珠

Sheet 250-500模组价格16289
A1: 250*500模组价格16289S-310-F5
A2: 序号 | B2: 名称 | C2: 配比 | D2: 芯片 | E2: 亮度 | F2: 尺寸 | G2: 聚积芯片 | H2: 色品坐标 | I2: R数量 | J2: G数量 | K2: B数量 | L2: R单价 | M2: G单价 | N2: B单价 | O2: 灯珠合计 | P2: 套件单价 | Q2: 16289S加工费 | R2: 含税单价（单面灌胶） | S2: 含税单价（双面灌胶）
L3: =灯价格!A7 -> 0 | M3: =灯价格!B7 -> 0 | N3: =灯价格!C7 -> 0
A4: =ROW()-3 -> 1 | B4: P31.25 | C4: 2R1G | D4: 晶元金线 | E4: 15000CD/㎡ | F4: 250*500 | G4: 16289S | H4: 黄色满足交通国标 | I4: =8*16*2 -> 256 | J4: =8*16*1 -> 128 | L4: =L3 -> 0 | M4: =M3 -> 0 | N4: =N3 -> 0 | O4: =I4*L4+J4*M4+K4*N4 -> 0 | P4: =套件!G8 -> 0 | R4: =O4+Q4+P4 -> 0 | S4: =R4+3.5 -> 3.5
A5: =ROW()-3 -> 2 | B5: P31.25 | C5: 2R1G1B | D5: 晶元金线 | E5: 15000CD/㎡ | F5: 250*500 | G5: 16289S | H5: 黄\白色满足交通国标 | I5: =8*16*2 -> 256 | J5: =8*16*1 -> 128 | K5: =8*16*1 -> 128 | L5: =L4 -> 0 | M5: =M4 -> 0 | N5: =N4 -> 0 | O5: =I5*L5+J5*M5+K5*N5 -> 0 | P5: =P4 -> 0 | R5: =O5+Q5+P5 -> 0 | S5: =R5+3.5 -> 3.5
A7: =ROW()-3 -> 4 | B7: P25 | C7: 2R1G | D7: 晶元金线 | E7: 15000CD/㎡ | F7: 250*500 | G7: 16289S | H7: 黄色满足交通国标 | I7: =10*20*2 -> 400 | J7: =10*20*1 -> 200 | L7: =L3 -> 0 | M7: =M3 -> 0 | N7: =N3 -> 0 | O7: =I7*L7+J7*M7+K7*N7 -> 0 | P7: =套件!G7 -> 0 | R7: =O7+Q7+P7 -> 0 | S7: =R7+3.5 -> 3.5
A8: =ROW()-3 -> 5 | B8: P25 | C8: 2R1G1B | D8: 晶元金线 | E8: 15000CD/㎡ | F8: 250*500 | G8: 16289S | H8: 黄\白色满足交通国标 | I8: =10*20*2 -> 400 | J8: =10*20*1 -> 200 | K8: =10*20*1 -> 200 | L8: =L7 -> 0 | M8: =M7 -> 0 | N8: =N7 -> 0 | O8: =I8*L8+J8*M8+K8*N8 -> 0 | P8: =P7 -> 0 | R8: =O8+Q8+P8 -> 0 | S8: =R8+3.5 -> 3.5
A10: =ROW()-3 -> 7 | B10: P20.833 | C10: 2R1G | D10: 晶元金线 | E10: 15000CD/㎡ | F10: 250*500 | G10: 16289S | H10: 黄色满足交通国标 | I10: =12*24*2 -> 576 | J10: =12*24*1 -> 288 | L10: =L3 -> 0 | M10: =M3 -> 0 | N10: =N3 -> 0 | O10: =I10*L10+J10*M10+K10*N10 -> 0 | P10: =套件!G6 -> 0 | R10: =O10+Q10+P10 -> 0 | S10: =+R10+5 -> 5
A11: =ROW()-3 -> 8 | B11: P20.833 | C11: 2R1G1B | D11: 晶元金线 | E11: 15000CD/㎡ | F11: 250*500 | G11: 16289S | H11: 黄\白色满足交通国标 | I11: =12*24*2 -> 576 | J11: =12*24*1 -> 288 | K11: =12*24*1 -> 288 | L11: =L10 -> 0 | M11: =M10 -> 0 | N11: =N10 -> 0 | O11: =I11*L11+J11*M11+K11*N11 -> 0 | P11: =P10 -> 0 | R11: =O11+Q11+P11 -> 0 | S11: =+R11+5 -> 5
A12: =ROW()-3 -> 9 | B12: P20.833 | C12: 1R1G1B | D12: 晶元金线 | E12: 15000CD/㎡ | F12: 250*500 | G12: 16289S | H12: 黄\白色满足交通国标 | I12: =12*24*1 -> 288 | J12: =12*24*1 -> 288 | K12: =12*24*1 -> 288 | L12: =L11 -> 0 | M12: =M11 -> 0 | N12: =N11 -> 0 | O12: =I12*L12+J12*M12+K12*N12 -> 0 | P12: =P10 -> 0 | R12: =O12+Q12+P12 -> 0 | S12: =+R12+5 -> 5
A14: =ROW()-3 -> 11 | B14: P15.625 | C14: 2R1G | D14: 晶元金线 | E14: 15000CD/㎡ | F14: 250*500 | G14: 16289S | H14: 黄色满足交通国标 | I14: =16*32*2 -> 1024 | J14: =16*32*1 -> 512 | L14: =L3 -> 0 | M14: =M3 -> 0 | N14: =N3 -> 0 | O14: =I14*L14+J14*M14+K14*N14 -> 0 | P14: =套件!G5 -> 0 | R14: =O14+Q14+P14 -> 0 | S14: =R14+5 -> 5
A15: =ROW()-3 -> 12 | B15: P15.625 | C15: 2R1G1B | D15: 晶元金线 | E15: 15000CD/㎡ | F15: 250*500 | G15: 16289S | H15: 黄\白色满足交通国标 | I15: 1024 | J15: =16*32*1 -> 512 | K15: =16*32*1 -> 512 | L15: =L14 -> 0 | M15: =M14 -> 0 | N15: =N14 -> 0 | O15: =I15*L15+J15*M15+K15*N15 -> 0 | P15: =P14 -> 0 | R15: =O15+Q15+P15 -> 0 | S15: =R15+5 -> 5
A16: =ROW()-3 -> 13 | B16: P15.625 | C16: 1R1G | D16: 晶元金线 | E16: 15000CD/㎡ | F16: 250*500 | G16: 16289S | H16: 黄\白色满足交通国标 | I16: =16*32*1 -> 512 | J16: =16*32*1 -> 512 | L16: =L15 -> 0 | M16: =M15 -> 0 | N16: =N15 -> 0 | O16: =I16*L16+J16*M16+K16*N16 -> 0 | P16: =P14 -> 0 | R16: =O16+Q16+P16 -> 0 | S16: =R16+5 -> 5
A17: =ROW()-3 -> 14 | B17: P15.625 | C17: 1R1G1B | D17: 晶元金线 | E17: 15000CD/㎡ | F17: 250*500 | G17: 16289S | H17: 黄\白色满足交通国标 | I17: =16*32*1 -> 512 | J17: =16*32*1 -> 512 | K17: =16*32*1 -> 512 | L17: =L16 -> 0 | M17: =M16 -> 0 | N17: =N16 -> 0 | O17: =I17*L17+J17*M17+K17*N17 -> 0 | P17: =P14 -> 0 | R17: =O17+Q17+P17 -> 0 | S17: =R17+5 -> 5
A19: =ROW()-3 -> 16 | B19: P10.416 | C19: 1R1G | D19: 晶元金线 | E19: 15000CD/㎡ | F19: 250*500 | G19: 16289S | H19: 黄色满足交通国标 | I19: =24*48*1 -> 1152 | J19: =24*48*1 -> 1152 | L19: =L3 -> 0 | M19: =M3 -> 0 | N19: =N3 -> 0 | O19: =I19*L19+J19*M19+K19*N19 -> 0 | P19: =套件!G4 -> 0 | R19: =O19+Q19+P19 -> 0 | S19: =R19+3.5 -> 3.5
A20: =ROW()-3 -> 17 | B20: P10.416 | C20: 1R1G1B | D20: 晶元金线 | E20: 15000CD/㎡ | F20: 250*500 | G20: 16289S | H20: 黄\白色满足交通国标 | I20: =24*48*1 -> 1152 | J20: =24*48*1 -> 1152 | K20: =24*48*1 -> 1152 | L20: =L19 -> 0 | M20: =M19 -> 0 | N20: =N19 -> 0 | P20: =P19 -> 0 | R20: =O20+Q20+P20 -> 0 | S20: =R20+3.5 -> 3.5
A22: 250*500模组价格---贴片---迈锐报价
A23: 序号 | B23: 名称 | C23: 配比 | D23: 芯片 | E23: 亮度 | F23: 尺寸 | G23: 聚积芯片 | H23: 色品坐标 | I23: 全彩灯单价 | L23: 全彩灯单价 | O23: 灯珠合计 | P23: 套件单价 | Q23: 16289S加工费 | R23: 含税单价（单面灌胶） | S23: 含税单价（双面灌胶） | T23: 备注
L24: 0.088 | T24: 3535灯珠
A25: =ROW()-3 -> 22 | B25: P10.416 | C25: 1R1G1B | D25: 晶元金线 | E25: 15000CD/㎡ | F25: 250*500 | G25: 16289S | H25: 黄\白色满足交通国标 | I25: =24*48*1 -> 1152 | L25: =L24 -> 0.088 | P25: =套件!G3 -> 0 | Q25: 323 | R25: =Q25+P25 -> 323 | S25: =R25+5 -> 328 | T25: 3535灯珠

Sheet 灯价格
A1: 510灯/弘正
A2: R单价 | B2: G单价 | C2: B单价 | D2: 合计
E3: 7.15
A5: 310灯F5/弘正
A6: R单价 | B6: G单价 | C6: B单价 | D6: 合计
E7: 7.15
A9: 型号 | B9: 单价
A10: 5034 | C10: 鑫恩拓报价，含税和管理费
A11: 5251 | C11: 创迪含税报价
A12: 5124 | C12: 鑫恩拓报价，含税和管理费
A13: 16289 | C13: 鑫恩拓报价，含税和管理费
A14: 16289QFN | C14: 鑫恩拓报价，含税和管理费
A16: 5034 0.96 5251 0.89 5124 0.3 16289 0.22 16289QFN 0.28 | H16: 7.15

Sheet 折叠屏模组
B1: 2026年4月7日鑫恩拓报价

Sheet 强力

Sheet 箱体单价
A2: 序号 | B2: 名称 | C2: 尺寸 | D2: 单价 | E2: 备注
A3: 1 | B3: 压铸铝箱体 | C3: 1*1 | E3: 全密封，不含包边
A4: 2 | B4: 洞内压铸铝箱体 | C4: 1*1 | E4: 加固定架，全密封，不含包边
A5: 3 | B5: 压铸铝箱体 | C5: 1*1 | E5: 后开放式，不含包边
A6: 4 | B6: 洞内压铸铝箱体 | C6: 1*1 | E6: 加固定架，后开放式，不含包边
A7: 5 | B7: 压铸铝箱体 | C7: 1*0.75 | E7: 后开放式，不含包边
A8: 6 | B8: 门架铁箱体 | C8: 1*1 | E8: 全密封，含包边
A9: 7 | B9: 门架铁箱体 | C9: 1*1 | E9: 全密封，不含包边
A10: 8 | B10: 悬臂铁箱体 | C10: 1*1 | E10: 全密封，含包边
A11: 9 | B11: 悬臂铁箱体 | C11: 1*1 | E11: 全密封，不含包边
A12: 10 | B12: 洞内铁箱体 | C12: 1*1 | E12: 全密封，含包边
A13: 11 | B13: 车道屏背抱式 | C13: 1*1 | E13: 全密封，含包边

Sheet 套件
A1: 名称 | B1: 底壳单价 | C1: 面罩 | F1: 胶圈单价 | G1: 合计
C2: 数量 | D2: 单价 | E2: 小计单价
A3: 贴片10.416 | G3: =F3+E3+B3 -> 0
A4: 直插10.416 | G4: =F4+E4+B4 -> 0
A5: 15.625 | G5: =F5+E5+B5 -> 0
A6: 20.833 | G6: =F6+E6+B6 -> 0
A7: 25 | G7: =F7+E7+B7 -> 0
A8: 31.25 | G8: =F8+E8+B8 -> 0
E9: =C9*D9 -> 0 | G9: =F9+E9+B9 -> 0
E10: =C10*D10 -> 0 | G10: =F10+E10+B10 -> 0
E11: =C11*D11 -> 0 | G11: =F11+E11+B11 -> 0
E12: =C12*D12 -> 0 | G12: =F12+E12+B12 -> 0
E13: =C13*D13 -> 0 | G13: =F13+E13+B13 -> 0
E14: =C14*D14 -> 0 | G14: =F14+E14+B14 -> 0
E15: =C15*D15 -> 0 | G15: =F15+E15+B15 -> 0
E16: =C16*D16 -> 0 | G16: =F16+E16+B16 -> 0
E17: =C17*D17 -> 0 | G17: =F17+E17+B17 -> 0
E18: =C18*D18 -> 0 | G18: =F18+E18+B18 -> 0
E19: =C19*D19 -> 0 | G19: =F19+E19+B19 -> 0
