Workbook

Sheet 说明
A1: 本文件按模版整理自材料成本.xlsx。原表有数字的单价已转入，无数留空。不含供应商表。表头在第 4 行，数据从第 5 行起。
A3: 这份表给人维护价格用。系统报价时来这里取数，不在核算模板里再抄一遍单价。
A4: 蓝色字是要填写的数。绿色字是公式，不要手改。黄色行是示例，填真实数据前请改掉或删除。
A5: 调价时直接改正文单价，或另存历史副本。本模版不维护「是否当前」「生效日期」。
A6: 供应商名称只填在「供应商」表。报价不读取该表。
A7: 详细步骤见同目录《填写说明.md》。
A9: 工作表 | B9: 谁填、填什么
A10: 灯珠单价 | B10: 成本维护人填写红、绿、蓝灯珠的含税单价。按灯珠批次分行。
A11: 套件单价 | B11: 成本维护人填写底壳、面罩、胶圈。套件合计由公式算出。按点间距和工艺分行。
A12: 模组价格 | B12: 成本维护人填写规格、灯珠颗数和加工费。灯珠单价和套件单价从前面两张表取来，含税单价由公式算出。单面灌胶的灌胶加价填 0，双面填加价。
A13: 箱体单价 | B13: 成本维护人按箱体名称填写含税单价。名称要和核算模板里写的一致。
A14: 核算模板 | B14: 填写某种情报板用哪种模组、每平方米用多少电源、接收卡和辅料，以及含不含立柱、抱箍、支架、控制箱。这里不填模组单价。绿色的「当前模组含税单价」用来核对能否在模组价格表里找到这一行。
A15: 供应商 | B15: 只给内部留底。报价不读这张表。

Sheet 灯珠单价
A2: 按灯珠批次分行。单价为含税。同一批次只保留一行有效价；本表不维护是否当前/生效日期。
A4: 灯珠批次 | B4: R单价 | C4: G单价 | D4: B单价 | E4: 备注
A5: 批次-510
A6: 批次-310

Sheet 套件单价
A2: 按点间距和工艺分行。绿色套件合计不要手改。本表不维护是否当前/生效日期。
A4: 点间距_mm | B4: 工艺 | C4: 底壳单价 | D4: 面罩数量 | E4: 面罩单价 | F4: 胶圈单价 | G4: 套件合计 | H4: 备注
A5: 10.416 | B5: 贴片 | G5: =IF(A5="","",C5+D5*E5+F5)
A6: 10.416 | B6: 直插 | G6: =IF(A6="","",C6+D6*E6+F6)
A7: 15.625 | G7: =IF(A7="","",C7+D7*E7+F7)
A8: 20.833 | G8: =IF(A8="","",C8+D8*E8+F8)
A9: 25 | G9: =IF(A9="","",C9+D9*E9+F9)
A10: 31.25 | G10: =IF(A10="","",C10+D10*E10+F10)
G11: =IF(C11="","",E11+F11*G11+H11)
G12: =IF(C12="","",E12+F12*G12+H12)
G13: =IF(C13="","",E13+F13*G13+H13)
G14: =IF(C14="","",E14+F14*G14+H14)
G15: =IF(C15="","",E15+F15*G15+H15)
G16: =IF(C16="","",E16+F16*G16+H16)
G17: =IF(C17="","",E17+F17*G17+H17)
G18: =IF(C18="","",E18+F18*G18+H18)
G19: =IF(C19="","",E19+F19*G19+H19)
G20: =IF(C20="","",E20+F20*G20+H20)

Sheet 模组价格
A2: 一行一个规格。单面与双面灌胶同属一行：填加工费和灌胶加价后，含税单价_单面＝灯珠合计＋加工费＋套件单价；含税单价_双面＝单面＋灌胶加价。R/G/B单价从「灯珠单价」按批次取，套件单价从「套件单价」按点间距和工艺取。本表不维护是否当前/生效日期。
A4: 名称 | B4: 点间距_mm | C4: 配比 | D4: 灯珠芯片 | E4: 驱动芯片 | F4: 亮度_cd每平方米 | G4: 模组宽_mm | H4: 模组高_mm | I4: 色品 | J4: 灯珠批次 | K4: 工艺 | L4: R数量 | M4: G数量 | N4: B数量 | O4: R单价 | P4: G单价 | Q4: B单价 | R4: 灯珠合计 | S4: 加工费 | T4: 套件单价 | U4: 灌胶加价 | V4: 含税单价_单面 | W4: 含税单价_双面 | X4: 备注
A5: P33.33 | B5: 33.33 | C5: 4R2G | D5: 晶元金线 | E5: 5034B | F5: 15000 | G5: 266.64 | H5: 133.32 | I5: 黄色 | J5: 批次-510 | K5: 贴片 | L5: 128 | M5: 64 | O5: =IF(J5="","",SUMIFS(灯珠单价!B:B,灯珠单价!A:A,J5)) | P5: =IF(J5="","",SUMIFS(灯珠单价!C:C,灯珠单价!A:A,J5)) | Q5: =IF(J5="","",SUMIFS(灯珠单价!D:D,灯珠单价!A:A,J5)) | R5: =IF(B5="","",L5*O5+M5*P5+N5*Q5) | T5: =IF(B5="","",SUMIFS(套件单价!G:G,套件单价!A:A,B5,套件单价!B:B,K5)) | U5: 1.5 | V5: =IF(B5="","",R5+S5+T5) | W5: =IF(B5="","",V5+U5)
A6: P33.33 | B6: 33.33 | C6: 4R2G1B | D6: 晶元金线 | E6: 5034B | F6: 15000 | G6: 266.64 | H6: 133.32 | I6: 黄白 | J6: 批次-510 | K6: 贴片 | L6: 128 | M6: 64 | N6: 32 | O6: =IF(J6="","",SUMIFS(灯珠单价!B:B,灯珠单价!A:A,J6)) | P6: =IF(J6="","",SUMIFS(灯珠单价!C:C,灯珠单价!A:A,J6)) | Q6: =IF(J6="","",SUMIFS(灯珠单价!D:D,灯珠单价!A:A,J6)) | R6: =IF(B6="","",L6*O6+M6*P6+N6*Q6) | T6: =IF(B6="","",SUMIFS(套件单价!G:G,套件单价!A:A,B6,套件单价!B:B,K6)) | U6: 1.5 | V6: =IF(B6="","",R6+S6+T6) | W6: =IF(B6="","",V6+U6)
A7: P33.33 | B7: 33.33 | C7: 3R2G | D7: 晶元金线 | E7: 5034B | F7: 15000 | G7: 266.64 | H7: 133.32 | I7: 黄色 | J7: 批次-510 | K7: 贴片 | L7: 96 | M7: 64 | O7: =IF(J7="","",SUMIFS(灯珠单价!B:B,灯珠单价!A:A,J7)) | P7: =IF(J7="","",SUMIFS(灯珠单价!C:C,灯珠单价!A:A,J7)) | Q7: =IF(J7="","",SUMIFS(灯珠单价!D:D,灯珠单价!A:A,J7)) | R7: =IF(B7="","",L7*O7+M7*P7+N7*Q7) | T7: =IF(B7="","",SUMIFS(套件单价!G:G,套件单价!A:A,B7,套件单价!B:B,K7)) | U7: 1.5 | V7: =IF(B7="","",R7+S7+T7) | W7: =IF(B7="","",V7+U7)
A8: P33.33 | B8: 33.33 | C8: 2R1G | D8: 晶元金线 | E8: 5034B | F8: 15000 | G8: 266.64 | H8: 133.32 | I8: 黄色 | J8: 批次-510 | K8: 贴片 | L8: 64 | M8: 32 | O8: =IF(J8="","",SUMIFS(灯珠单价!B:B,灯珠单价!A:A,J8)) | P8: =IF(J8="","",SUMIFS(灯珠单价!C:C,灯珠单价!A:A,J8)) | Q8: =IF(J8="","",SUMIFS(灯珠单价!D:D,灯珠单价!A:A,J8)) | R8: =IF(B8="","",L8*O8+M8*P8+N8*Q8) | T8: =IF(B8="","",SUMIFS(套件单价!G:G,套件单价!A:A,B8,套件单价!B:B,K8)) | U8: 1.5 | V8: =IF(B8="","",R8+S8+T8) | W8: =IF(B8="","",V8+U8)
A9: P31.25 | B9: 31.25 | C9: 4R2G | D9: 晶元金线 | E9: 5034B | F9: 15000 | G9: 250 | H9: 250 | I9: 黄色 | J9: 批次-510 | K9: 贴片 | L9: 256 | M9: 128 | O9: =IF(J9="","",SUMIFS(灯珠单价!B:B,灯珠单价!A:A,J9)) | P9: =IF(J9="","",SUMIFS(灯珠单价!C:C,灯珠单价!A:A,J9)) | Q9: =IF(J9="","",SUMIFS(灯珠单价!D:D,灯珠单价!A:A,J9)) | R9: =IF(B9="","",L9*O9+M9*P9+N9*Q9) | T9: =IF(B9="","",SUMIFS(套件单价!G:G,套件单价!A:A,B9,套件单价!B:B,K9)) | U9: 3.5 | V9: =IF(B9="","",R9+S9+T9) | W9: =IF(B9="","",V9+U9)
A10: P31.25 | B10: 31.25 | C10: 4R2G1B | D10: 晶元金线 | E10: 5034B | F10: 15000 | G10: 250 | H10: 250 | I10: 黄白 | J10: 批次-510 | K10: 贴片 | L10: 256 | M10: 128 | N10: 64 | O10: =IF(J10="","",SUMIFS(灯珠单价!B:B,灯珠单价!A:A,J10)) | P10: =IF(J10="","",SUMIFS(灯珠单价!C:C,灯珠单价!A:A,J10)) | Q10: =IF(J10="","",SUMIFS(灯珠单价!D:D,灯珠单价!A:A,J10)) | R10: =IF(B10="","",L10*O10+M10*P10+N10*Q10) | T10: =IF(B10="","",SUMIFS(套件单价!G:G,套件单价!A:A,B10,套件单价!B:B,K10)) | U10: 3.5 | V10: =IF(B10="","",R10+S10+T10) | W10: =IF(B10="","",V10+U10)
A11: P31.25 | B11: 31.25 | C11: 3R2G | D11: 晶元金线 | E11: 5034B | F11: 15000 | G11: 250 | H11: 250 | I11: 黄色 | J11: 批次-510 | K11: 贴片 | L11: 192 | M11: 128 | O11: =IF(J11="","",SUMIFS(灯珠单价!B:B,灯珠单价!A:A,J11)) | P11: =IF(J11="","",SUMIFS(灯珠单价!C:C,灯珠单价!A:A,J11)) | Q11: =IF(J11="","",SUMIFS(灯珠单价!D:D,灯珠单价!A:A,J11)) | R11: =IF(B11="","",L11*O11+M11*P11+N11*Q11) | T11: =IF(B11="","",SUMIFS(套件单价!G:G,套件单价!A:A,B11,套件单价!B:B,K11)) | U11: 3.5 | V11: =IF(B11="","",R11+S11+T11) | W11: =IF(B11="","",V11+U11)
A12: P31.25 | B12: 31.25 | C12: 3R2G1B | D12: 晶元金线 | E12: 5034B | F12: 15000 | G12: 250 | H12: 250 | I12: 黄白 | J12: 批次-510 | K12: 贴片 | L12: 192 | M12: 128 | N12: 64 | O12: =IF(J12="","",SUMIFS(灯珠单价!B:B,灯珠单价!A:A,J12)) | P12: =IF(J12="","",SUMIFS(灯珠单价!C:C,灯珠单价!A:A,J12)) | Q12: =IF(J12="","",SUMIFS(灯珠单价!D:D,灯珠单价!A:A,J12)) | R12: =IF(B12="","",L12*O12+M12*P12+N12*Q12) | T12: =IF(B12="","",SUMIFS(套件单价!G:G,套件单价!A:A,B12,套件单价!B:B,K12)) | U12: 3.5 | V12: =IF(B12="","",R12+S12+T12) | W12: =IF(B12="","",V12+U12)
A13: P31.25 | B13: 31.25 | C13: 2R1G | D13: 晶元金线 | E13: 5034B | F13: 15000 | G13: 250 | H13: 250 | I13: 黄色 | J13: 批次-510 | K13: 贴片 | L13: 128 | M13: 64 | O13: =IF(J13="","",SUMIFS(灯珠单价!B:B,灯珠单价!A:A,J13)) | P13: =IF(J13="","",SUMIFS(灯珠单价!C:C,灯珠单价!A:A,J13)) | Q13: =IF(J13="","",SUMIFS(灯珠单价!D:D,灯珠单价!A:A,J13)) | R13: =IF(B13="","",L13*O13+M13*P13+N13*Q13) | T13: =IF(B13="","",SUMIFS(套件单价!G:G,套件单价!A:A,B13,套件单价!B:B,K13)) | U13: 3.5 | V13: =IF(B13="","",R13+S13+T13) | W13: =IF(B13="","",V13+U13)
A14: P31.25 | B14: 31.25 | C14: 2R1G1B | D14: 晶元金线 | E14: 5034B | F14: 15000 | G14: 250 | H14: 250 | I14: 黄白 | J14: 批次-510 | K14: 贴片 | L14: 128 | M14: 64 | N14: 64 | O14: =IF(J14="","",SUMIFS(灯珠单价!B:B,灯珠单价!A:A,J14)) | P14: =IF(J14="","",SUMIFS(灯珠单价!C:C,灯珠单价!A:A,J14)) | Q14: =IF(J14="","",SUMIFS(灯珠单价!D:D,灯珠单价!A:A,J14)) | R14: =IF(B14="","",L14*O14+M14*P14+N14*Q14) | T14: =IF(B14="","",SUMIFS(套件单价!G:G,套件单价!A:A,B14,套件单价!B:B,K14)) | U14: 3.5 | V14: =IF(B14="","",R14+S14+T14) | W14: =IF(B14="","",V14+U14)
A15: P25 | B15: 25 | C15: 4R2G | D15: 晶元金线 | E15: 5034B | F15: 15000 | G15: 200 | H15: 200 | I15: 黄色 | J15: 批次-510 | K15: 贴片 | L15: 256 | M15: 128 | O15: =IF(J15="","",SUMIFS(灯珠单价!B:B,灯珠单价!A:A,J15)) | P15: =IF(J15="","",SUMIFS(灯珠单价!C:C,灯珠单价!A:A,J15)) | Q15: =IF(J15="","",SUMIFS(灯珠单价!D:D,灯珠单价!A:A,J15)) | R15: =IF(B15="","",L15*O15+M15*P15+N15*Q15) | T15: =IF(B15="","",SUMIFS(套件单价!G:G,套件单价!A:A,B15,套件单价!B:B,K15)) | U15: 2.5 | V15: =IF(B15="","",R15+S15+T15) | W15: =IF(B15="","",V15+U15)
A16: P25 | B16: 25 | C16: 3R2G | D16: 晶元金线 | E16: 5034B | F16: 15000 | G16: 200 | H16: 200 | I16: 黄色 | J16: 批次-510 | K16: 贴片 | L16: 192 | M16: 128 | O16: =IF(J16="","",SUMIFS(灯珠单价!B:B,灯珠单价!A:A,J16)) | P16: =IF(J16="","",SUMIFS(灯珠单价!C:C,灯珠单价!A:A,J16)) | Q16: =IF(J16="","",SUMIFS(灯珠单价!D:D,灯珠单价!A:A,J16)) | R16: =IF(B16="","",L16*O16+M16*P16+N16*Q16) | T16: =IF(B16="","",SUMIFS(套件单价!G:G,套件单价!A:A,B16,套件单价!B:B,K16)) | U16: 2.5 | V16: =IF(B16="","",R16+S16+T16) | W16: =IF(B16="","",V16+U16)
A17: P25 | B17: 25 | C17: 3R2G1B | D17: 晶元金线 | E17: 5034B | F17: 15000 | G17: 200 | H17: 200 | I17: 黄白 | J17: 批次-510 | K17: 贴片 | L17: 192 | M17: 128 | N17: 64 | O17: =IF(J17="","",SUMIFS(灯珠单价!B:B,灯珠单价!A:A,J17)) | P17: =IF(J17="","",SUMIFS(灯珠单价!C:C,灯珠单价!A:A,J17)) | Q17: =IF(J17="","",SUMIFS(灯珠单价!D:D,灯珠单价!A:A,J17)) | R17: =IF(B17="","",L17*O17+M17*P17+N17*Q17) | T17: =IF(B17="","",SUMIFS(套件单价!G:G,套件单价!A:A,B17,套件单价!B:B,K17)) | U17: 2.5 | V17: =IF(B17="","",R17+S17+T17) | W17: =IF(B17="","",V17+U17)
A18: P25 | B18: 25 | C18: 2R1G | D18: 晶元金线 | E18: 5034B | F18: 15000 | G18: 200 | H18: 200 | I18: 黄色 | J18: 批次-510 | K18: 贴片 | L18: 128 | M18: 64 | O18: =IF(J18="","",SUMIFS(灯珠单价!B:B,灯珠单价!A:A,J18)) | P18: =IF(J18="","",SUMIFS(灯珠单价!C:C,灯珠单价!A:A,J18)) | Q18: =IF(J18="","",SUMIFS(灯珠单价!D:D,灯珠单价!A:A,J18)) | R18: =IF(B18="","",L18*O18+M18*P18+N18*Q18) | T18: =IF(B18="","",SUMIFS(套件单价!G:G,套件单价!A:A,B18,套件单价!B:B,K18)) | U18: 2.5 | V18: =IF(B18="","",R18+S18+T18) | W18: =IF(B18="","",V18+U18)
A19: P25 | B19: 25 | C19: 2R1G1B | D19: 晶元金线 | E19: 5034B | F19: 15000 | G19: 200 | H19: 200 | I19: 黄白 | J19: 批次-510 | K19: 贴片 | L19: 128 | M19: 64 | N19: 64 | O19: =IF(J19="","",SUMIFS(灯珠单价!B:B,灯珠单价!A:A,J19)) | P19: =IF(J19="","",SUMIFS(灯珠单价!C:C,灯珠单价!A:A,J19)) | Q19: =IF(J19="","",SUMIFS(灯珠单价!D:D,灯珠单价!A:A,J19)) | R19: =IF(B19="","",L19*O19+M19*P19+N19*Q19) | T19: =IF(B19="","",SUMIFS(套件单价!G:G,套件单价!A:A,B19,套件单价!B:B,K19)) | U19: 2.5 | V19: =IF(B19="","",R19+S19+T19) | W19: =IF(B19="","",V19+U19)
A20: P20 | B20: 20 | C20: 2R1G | D20: 晶元金线 | E20: 5034B | F20: 15000 | G20: 320 | H20: 160 | I20: 黄色 | J20: 批次-510 | K20: 贴片 | L20: 256 | M20: 128 | O20: =IF(J20="","",SUMIFS(灯珠单价!B:B,灯珠单价!A:A,J20)) | P20: =IF(J20="","",SUMIFS(灯珠单价!C:C,灯珠单价!A:A,J20)) | Q20: =IF(J20="","",SUMIFS(灯珠单价!D:D,灯珠单价!A:A,J20)) | R20: =IF(B20="","",L20*O20+M20*P20+N20*Q20) | T20: =IF(B20="","",SUMIFS(套件单价!G:G,套件单价!A:A,B20,套件单价!B:B,K20)) | U20: 3 | V20: =IF(B20="","",R20+S20+T20) | W20: =IF(B20="","",V20+U20)
A21: P20 | B21: 20 | C21: 1R1G1B | D21: 晶元金线 | E21: 5034B | F21: 15000 | G21: 320 | H21: 160 | I21: 黄白 | J21: 批次-510 | K21: 贴片 | L21: 128 | M21: 128 | N21: 128 | O21: =IF(J21="","",SUMIFS(灯珠单价!B:B,灯珠单价!A:A,J21)) | P21: =IF(J21="","",SUMIFS(灯珠单价!C:C,灯珠单价!A:A,J21)) | Q21: =IF(J21="","",SUMIFS(灯珠单价!D:D,灯珠单价!A:A,J21)) | R21: =IF(B21="","",L21*O21+M21*P21+N21*Q21) | T21: =IF(B21="","",SUMIFS(套件单价!G:G,套件单价!A:A,B21,套件单价!B:B,K21)) | U21: 3 | V21: =IF(B21="","",R21+S21+T21) | W21: =IF(B21="","",V21+U21)
A22: P20 | B22: 20 | C22: 2R1G1B | D22: 晶元金线 | E22: 5034B | F22: 15000 | G22: 320 | H22: 160 | I22: 黄白 | J22: 批次-510 | K22: 贴片 | L22: 256 | M22: 128 | N22: 128 | O22: =IF(J22="","",SUMIFS(灯珠单价!B:B,灯珠单价!A:A,J22)) | P22: =IF(J22="","",SUMIFS(灯珠单价!C:C,灯珠单价!A:A,J22)) | Q22: =IF(J22="","",SUMIFS(灯珠单价!D:D,灯珠单价!A:A,J22)) | R22: =IF(B22="","",L22*O22+M22*P22+N22*Q22) | T22: =IF(B22="","",SUMIFS(套件单价!G:G,套件单价!A:A,B22,套件单价!B:B,K22)) | U22: 3 | V22: =IF(B22="","",R22+S22+T22) | W22: =IF(B22="","",V22+U22)
A23: P16 | B23: 16 | C23: 2R1G | D23: 晶元金线 | E23: 5034B | F23: 15000 | G23: 256 | H23: 256 | I23: 黄色 | J23: 批次-510 | K23: 贴片 | L23: 512 | M23: 256 | O23: =IF(J23="","",SUMIFS(灯珠单价!B:B,灯珠单价!A:A,J23)) | P23: =IF(J23="","",SUMIFS(灯珠单价!C:C,灯珠单价!A:A,J23)) | Q23: =IF(J23="","",SUMIFS(灯珠单价!D:D,灯珠单价!A:A,J23)) | R23: =IF(B23="","",L23*O23+M23*P23+N23*Q23) | T23: =IF(B23="","",SUMIFS(套件单价!G:G,套件单价!A:A,B23,套件单价!B:B,K23)) | U23: 3.5 | V23: =IF(B23="","",R23+S23+T23) | W23: =IF(B23="","",V23+U23)
A24: P16 | B24: 16 | C24: 1R1G1B | D24: 晶元金线 | E24: 5034B | F24: 15000 | G24: 256 | H24: 256 | I24: 黄白 | J24: 批次-510 | K24: 贴片 | L24: 256 | M24: 256 | N24: 256 | O24: =IF(J24="","",SUMIFS(灯珠单价!B:B,灯珠单价!A:A,J24)) | P24: =IF(J24="","",SUMIFS(灯珠单价!C:C,灯珠单价!A:A,J24)) | Q24: =IF(J24="","",SUMIFS(灯珠单价!D:D,灯珠单价!A:A,J24)) | R24: =IF(B24="","",L24*O24+M24*P24+N24*Q24) | T24: =IF(B24="","",SUMIFS(套件单价!G:G,套件单价!A:A,B24,套件单价!B:B,K24)) | U24: 3.5 | V24: =IF(B24="","",R24+S24+T24) | W24: =IF(B24="","",V24+U24)
A25: P16 | B25: 16 | C25: 2R1G1B | D25: 晶元金线 | E25: 5034B | F25: 15000 | G25: 256 | H25: 256 | I25: 黄白 | J25: 批次-510 | K25: 贴片 | L25: 512 | M25: 256 | N25: 256 | O25: =IF(J25="","",SUMIFS(灯珠单价!B:B,灯珠单价!A:A,J25)) | P25: =IF(J25="","",SUMIFS(灯珠单价!C:C,灯珠单价!A:A,J25)) | Q25: =IF(J25="","",SUMIFS(灯珠单价!D:D,灯珠单价!A:A,J25)) | R25: =IF(B25="","",L25*O25+M25*P25+N25*Q25) | T25: =IF(B25="","",SUMIFS(套件单价!G:G,套件单价!A:A,B25,套件单价!B:B,K25)) | U25: 3.5 | V25: =IF(B25="","",R25+S25+T25) | W25: =IF(B25="","",V25+U25)
A26: P31.25 | B26: 31.25 | C26: 4R2G | D26: 晶元金线 | E26: 5034B | F26: 15000 | G26: 250 | H26: 250 | I26: 黄色 | J26: 批次-310 | K26: 贴片 | L26: 256 | M26: 128 | O26: =IF(J26="","",SUMIFS(灯珠单价!B:B,灯珠单价!A:A,J26)) | P26: =IF(J26="","",SUMIFS(灯珠单价!C:C,灯珠单价!A:A,J26)) | Q26: =IF(J26="","",SUMIFS(灯珠单价!D:D,灯珠单价!A:A,J26)) | R26: =IF(B26="","",L26*O26+M26*P26+N26*Q26) | S26: 111.42 | T26: =IF(B26="","",SUMIFS(套件单价!G:G,套件单价!A:A,B26,套件单价!B:B,K26)) | U26: 3.5 | V26: =IF(B26="","",R26+S26+T26) | W26: =IF(B26="","",V26+U26)
A27: P31.25 | B27: 31.25 | C27: 4R2G1B | D27: 晶元金线 | E27: 5034B | F27: 15000 | G27: 250 | H27: 250 | I27: 黄白 | J27: 批次-310 | K27: 贴片 | L27: 256 | M27: 128 | N27: 64 | O27: =IF(J27="","",SUMIFS(灯珠单价!B:B,灯珠单价!A:A,J27)) | P27: =IF(J27="","",SUMIFS(灯珠单价!C:C,灯珠单价!A:A,J27)) | Q27: =IF(J27="","",SUMIFS(灯珠单价!D:D,灯珠单价!A:A,J27)) | R27: =IF(B27="","",L27*O27+M27*P27+N27*Q27) | S27: 118.58 | T27: =IF(B27="","",SUMIFS(套件单价!G:G,套件单价!A:A,B27,套件单价!B:B,K27)) | U27: 3.5 | V27: =IF(B27="","",R27+S27+T27) | W27: =IF(B27="","",V27+U27)
A28: P31.25 | B28: 31.25 | C28: 3R2G | D28: 晶元金线 | E28: 5034B | F28: 15000 | G28: 250 | H28: 250 | I28: 黄色 | J28: 批次-310 | K28: 贴片 | L28: 192 | M28: 128 | O28: =IF(J28="","",SUMIFS(灯珠单价!B:B,灯珠单价!A:A,J28)) | P28: =IF(J28="","",SUMIFS(灯珠单价!C:C,灯珠单价!A:A,J28)) | Q28: =IF(J28="","",SUMIFS(灯珠单价!D:D,灯珠单价!A:A,J28)) | R28: =IF(B28="","",L28*O28+M28*P28+N28*Q28) | S28: 110.42 | T28: =IF(B28="","",SUMIFS(套件单价!G:G,套件单价!A:A,B28,套件单价!B:B,K28)) | U28: 3.5 | V28: =IF(B28="","",R28+S28+T28) | W28: =IF(B28="","",V28+U28)
A29: P31.25 | B29: 31.25 | C29: 3R2G1B | D29: 晶元金线 | E29: 5034B | F29: 15000 | G29: 250 | H29: 250 | I29: 黄白 | J29: 批次-310 | K29: 贴片 | L29: 192 | M29: 128 | N29: 64 | O29: =IF(J29="","",SUMIFS(灯珠单价!B:B,灯珠单价!A:A,J29)) | P29: =IF(J29="","",SUMIFS(灯珠单价!C:C,灯珠单价!A:A,J29)) | Q29: =IF(J29="","",SUMIFS(灯珠单价!D:D,灯珠单价!A:A,J29)) | R29: =IF(B29="","",L29*O29+M29*P29+N29*Q29) | S29: 117.58 | T29: =IF(B29="","",SUMIFS(套件单价!G:G,套件单价!A:A,B29,套件单价!B:B,K29)) | U29: 3.5 | V29: =IF(B29="","",R29+S29+T29) | W29: =IF(B29="","",V29+U29)
A30: P31.25 | B30: 31.25 | C30: 2R1G | D30: 晶元金线 | E30: 5034B | F30: 15000 | G30: 250 | H30: 250 | I30: 黄色 | J30: 批次-310 | K30: 贴片 | L30: 128 | M30: 64 | O30: =IF(J30="","",SUMIFS(灯珠单价!B:B,灯珠单价!A:A,J30)) | P30: =IF(J30="","",SUMIFS(灯珠单价!C:C,灯珠单价!A:A,J30)) | Q30: =IF(J30="","",SUMIFS(灯珠单价!D:D,灯珠单价!A:A,J30)) | R30: =IF(B30="","",L30*O30+M30*P30+N30*Q30) | S30: 92.52 | T30: =IF(B30="","",SUMIFS(套件单价!G:G,套件单价!A:A,B30,套件单价!B:B,K30)) | U30: 3.5 | V30: =IF(B30="","",R30+S30+T30) | W30: =IF(B30="","",V30+U30)
A31: P31.25 | B31: 31.25 | C31: 2R1G1B | D31: 晶元金线 | E31: 5034B | F31: 15000 | G31: 250 | H31: 250 | I31: 黄白 | J31: 批次-310 | K31: 贴片 | L31: 128 | M31: 64 | N31: 64 | O31: =IF(J31="","",SUMIFS(灯珠单价!B:B,灯珠单价!A:A,J31)) | P31: =IF(J31="","",SUMIFS(灯珠单价!C:C,灯珠单价!A:A,J31)) | Q31: =IF(J31="","",SUMIFS(灯珠单价!D:D,灯珠单价!A:A,J31)) | R31: =IF(B31="","",L31*O31+M31*P31+N31*Q31) | S31: 106.38 | T31: =IF(B31="","",SUMIFS(套件单价!G:G,套件单价!A:A,B31,套件单价!B:B,K31)) | U31: 3.5 | V31: =IF(B31="","",R31+S31+T31) | W31: =IF(B31="","",V31+U31)
A32: P25 | B32: 25 | C32: 4R2G | D32: 晶元金线 | E32: 5034B | F32: 15000 | G32: 200 | H32: 200 | I32: 黄色 | J32: 批次-310 | K32: 贴片 | L32: 256 | M32: 128 | O32: =IF(J32="","",SUMIFS(灯珠单价!B:B,灯珠单价!A:A,J32)) | P32: =IF(J32="","",SUMIFS(灯珠单价!C:C,灯珠单价!A:A,J32)) | Q32: =IF(J32="","",SUMIFS(灯珠单价!D:D,灯珠单价!A:A,J32)) | R32: =IF(B32="","",L32*O32+M32*P32+N32*Q32) | S32: 90.27 | T32: =IF(B32="","",SUMIFS(套件单价!G:G,套件单价!A:A,B32,套件单价!B:B,K32)) | U32: 2.5 | V32: =IF(B32="","",R32+S32+T32) | W32: =IF(B32="","",V32+U32)
A33: P25 | B33: 25 | C33: 4R2G1B | D33: 晶元金线 | E33: 5034B | F33: 15000 | G33: 200 | H33: 200 | I33: 黄白 | J33: 批次-310 | K33: 贴片 | L33: 256 | M33: 128 | N33: 64 | O33: =IF(J33="","",SUMIFS(灯珠单价!B:B,灯珠单价!A:A,J33)) | P33: =IF(J33="","",SUMIFS(灯珠单价!C:C,灯珠单价!A:A,J33)) | Q33: =IF(J33="","",SUMIFS(灯珠单价!D:D,灯珠单价!A:A,J33)) | R33: =IF(B33="","",L33*O33+M33*P33+N33*Q33) | T33: =IF(B33="","",SUMIFS(套件单价!G:G,套件单价!A:A,B33,套件单价!B:B,K33)) | V33: =IF(B33="","",R33+S33+T33) | W33: =IF(B33="","",V33+U33)
A34: P25 | B34: 25 | C34: 3R2G | D34: 晶元金线 | E34: 5034B | F34: 15000 | G34: 200 | H34: 200 | I34: 黄色 | J34: 批次-310 | K34: 贴片 | L34: 192 | M34: 128 | O34: =IF(J34="","",SUMIFS(灯珠单价!B:B,灯珠单价!A:A,J34)) | P34: =IF(J34="","",SUMIFS(灯珠单价!C:C,灯珠单价!A:A,J34)) | Q34: =IF(J34="","",SUMIFS(灯珠单价!D:D,灯珠单价!A:A,J34)) | R34: =IF(B34="","",L34*O34+M34*P34+N34*Q34) | S34: 89.37 | T34: =IF(B34="","",SUMIFS(套件单价!G:G,套件单价!A:A,B34,套件单价!B:B,K34)) | U34: 2.5 | V34: =IF(B34="","",R34+S34+T34) | W34: =IF(B34="","",V34+U34)
A35: P25 | B35: 25 | C35: 3R2G1B | D35: 晶元金线 | E35: 5034B | F35: 15000 | G35: 200 | H35: 200 | I35: 黄白 | J35: 批次-310 | K35: 贴片 | L35: 192 | M35: 128 | N35: 64 | O35: =IF(J35="","",SUMIFS(灯珠单价!B:B,灯珠单价!A:A,J35)) | P35: =IF(J35="","",SUMIFS(灯珠单价!C:C,灯珠单价!A:A,J35)) | Q35: =IF(J35="","",SUMIFS(灯珠单价!D:D,灯珠单价!A:A,J35)) | R35: =IF(B35="","",L35*O35+M35*P35+N35*Q35) | S35: 96.53 | T35: =IF(B35="","",SUMIFS(套件单价!G:G,套件单价!A:A,B35,套件单价!B:B,K35)) | U35: 2.5 | V35: =IF(B35="","",R35+S35+T35) | W35: =IF(B35="","",V35+U35)
A36: P25 | B36: 25 | C36: 2R1G | D36: 晶元金线 | E36: 5034B | F36: 15000 | G36: 200 | H36: 200 | I36: 黄色 | J36: 批次-310 | K36: 贴片 | L36: 128 | M36: 64 | O36: =IF(J36="","",SUMIFS(灯珠单价!B:B,灯珠单价!A:A,J36)) | P36: =IF(J36="","",SUMIFS(灯珠单价!C:C,灯珠单价!A:A,J36)) | Q36: =IF(J36="","",SUMIFS(灯珠单价!D:D,灯珠单价!A:A,J36)) | R36: =IF(B36="","",L36*O36+M36*P36+N36*Q36) | S36: 80.17 | T36: =IF(B36="","",SUMIFS(套件单价!G:G,套件单价!A:A,B36,套件单价!B:B,K36)) | U36: 2.5 | V36: =IF(B36="","",R36+S36+T36) | W36: =IF(B36="","",V36+U36)
A37: P25 | B37: 25 | C37: 2R1G1B | D37: 晶元金线 | E37: 5034B | F37: 15000 | G37: 200 | H37: 200 | I37: 黄白 | J37: 批次-310 | K37: 贴片 | L37: 128 | M37: 64 | N37: 64 | O37: =IF(J37="","",SUMIFS(灯珠单价!B:B,灯珠单价!A:A,J37)) | P37: =IF(J37="","",SUMIFS(灯珠单价!C:C,灯珠单价!A:A,J37)) | Q37: =IF(J37="","",SUMIFS(灯珠单价!D:D,灯珠单价!A:A,J37)) | R37: =IF(B37="","",L37*O37+M37*P37+N37*Q37) | S37: 85.33 | T37: =IF(B37="","",SUMIFS(套件单价!G:G,套件单价!A:A,B37,套件单价!B:B,K37)) | U37: 2.5 | V37: =IF(B37="","",R37+S37+T37) | W37: =IF(B37="","",V37+U37)
A38: P20 | B38: 20 | C38: 2R1G | D38: 晶元金线 | E38: 5034B | F38: 15000 | G38: 320 | H38: 160 | I38: 黄色 | J38: 批次-310 | K38: 贴片 | L38: 256 | M38: 128 | O38: =IF(J38="","",SUMIFS(灯珠单价!B:B,灯珠单价!A:A,J38)) | P38: =IF(J38="","",SUMIFS(灯珠单价!C:C,灯珠单价!A:A,J38)) | Q38: =IF(J38="","",SUMIFS(灯珠单价!D:D,灯珠单价!A:A,J38)) | R38: =IF(B38="","",L38*O38+M38*P38+N38*Q38) | S38: 95.54 | T38: =IF(B38="","",SUMIFS(套件单价!G:G,套件单价!A:A,B38,套件单价!B:B,K38)) | U38: 3 | V38: =IF(B38="","",R38+S38+T38) | W38: =IF(B38="","",V38+U38)
A39: P20 | B39: 20 | C39: 1R1G1B | D39: 晶元金线 | E39: 5034B | F39: 15000 | G39: 320 | H39: 160 | I39: 黄白 | J39: 批次-310 | K39: 贴片 | L39: 128 | M39: 128 | N39: 128 | O39: =IF(J39="","",SUMIFS(灯珠单价!B:B,灯珠单价!A:A,J39)) | P39: =IF(J39="","",SUMIFS(灯珠单价!C:C,灯珠单价!A:A,J39)) | Q39: =IF(J39="","",SUMIFS(灯珠单价!D:D,灯珠单价!A:A,J39)) | R39: =IF(B39="","",L39*O39+M39*P39+N39*Q39) | S39: 104.16 | T39: =IF(B39="","",SUMIFS(套件单价!G:G,套件单价!A:A,B39,套件单价!B:B,K39)) | U39: 3 | V39: =IF(B39="","",R39+S39+T39) | W39: =IF(B39="","",V39+U39)
A40: P20 | B40: 20 | C40: 2R1G1B | D40: 晶元金线 | E40: 5034B | F40: 15000 | G40: 320 | H40: 160 | I40: 黄白 | J40: 批次-310 | K40: 贴片 | L40: 256 | M40: 128 | N40: 128 | O40: =IF(J40="","",SUMIFS(灯珠单价!B:B,灯珠单价!A:A,J40)) | P40: =IF(J40="","",SUMIFS(灯珠单价!C:C,灯珠单价!A:A,J40)) | Q40: =IF(J40="","",SUMIFS(灯珠单价!D:D,灯珠单价!A:A,J40)) | R40: =IF(B40="","",L40*O40+M40*P40+N40*Q40) | S40: 106.06 | T40: =IF(B40="","",SUMIFS(套件单价!G:G,套件单价!A:A,B40,套件单价!B:B,K40)) | U40: 3 | V40: =IF(B40="","",R40+S40+T40) | W40: =IF(B40="","",V40+U40)
A41: P16 | B41: 16 | C41: 2R1G | D41: 晶元金线 | E41: 5034B | F41: 15000 | G41: 256 | H41: 256 | I41: 黄色 | J41: 批次-310 | K41: 贴片 | L41: 512 | M41: 256 | O41: =IF(J41="","",SUMIFS(灯珠单价!B:B,灯珠单价!A:A,J41)) | P41: =IF(J41="","",SUMIFS(灯珠单价!C:C,灯珠单价!A:A,J41)) | Q41: =IF(J41="","",SUMIFS(灯珠单价!D:D,灯珠单价!A:A,J41)) | R41: =IF(B41="","",L41*O41+M41*P41+N41*Q41) | S41: 137.08 | T41: =IF(B41="","",SUMIFS(套件单价!G:G,套件单价!A:A,B41,套件单价!B:B,K41)) | U41: 3.5 | V41: =IF(B41="","",R41+S41+T41) | W41: =IF(B41="","",V41+U41)
A42: P16 | B42: 16 | C42: 1R1G1B | D42: 晶元金线 | E42: 5034B | F42: 15000 | G42: 256 | H42: 256 | I42: 黄白 | J42: 批次-310 | K42: 贴片 | L42: 256 | M42: 256 | N42: 256 | O42: =IF(J42="","",SUMIFS(灯珠单价!B:B,灯珠单价!A:A,J42)) | P42: =IF(J42="","",SUMIFS(灯珠单价!C:C,灯珠单价!A:A,J42)) | Q42: =IF(J42="","",SUMIFS(灯珠单价!D:D,灯珠单价!A:A,J42)) | R42: =IF(B42="","",L42*O42+M42*P42+N42*Q42) | S42: 153.92 | T42: =IF(B42="","",SUMIFS(套件单价!G:G,套件单价!A:A,B42,套件单价!B:B,K42)) | U42: 3.5 | V42: =IF(B42="","",R42+S42+T42) | W42: =IF(B42="","",V42+U42)
A43: P16 | B43: 16 | C43: 2R1G1B | D43: 晶元金线 | E43: 5034B | F43: 15000 | G43: 256 | H43: 256 | I43: 黄白 | J43: 批次-310 | K43: 贴片 | L43: 512 | M43: 256 | N43: 256 | O43: =IF(J43="","",SUMIFS(灯珠单价!B:B,灯珠单价!A:A,J43)) | P43: =IF(J43="","",SUMIFS(灯珠单价!C:C,灯珠单价!A:A,J43)) | Q43: =IF(J43="","",SUMIFS(灯珠单价!D:D,灯珠单价!A:A,J43)) | R43: =IF(B43="","",L43*O43+M43*P43+N43*Q43) | S43: 154.18 | T43: =IF(B43="","",SUMIFS(套件单价!G:G,套件单价!A:A,B43,套件单价!B:B,K43)) | U43: 3.5 | V43: =IF(B43="","",R43+S43+T43) | W43: =IF(B43="","",V43+U43)
A44: P10 | B44: 10 | C44: 2R1G | D44: 晶元金线 | E44: 5124 | F44: 15000 | G44: 160 | H44: 320 | I44: 黄白 | J44: 批次-310 | K44: 贴片 | L44: 1024 | M44: 512 | O44: =IF(J44="","",SUMIFS(灯珠单价!B:B,灯珠单价!A:A,J44)) | P44: =IF(J44="","",SUMIFS(灯珠单价!C:C,灯珠单价!A:A,J44)) | Q44: =IF(J44="","",SUMIFS(灯珠单价!D:D,灯珠单价!A:A,J44)) | R44: =IF(B44="","",L44*O44+M44*P44+N44*Q44) | S44: 89.06 | T44: =IF(B44="","",SUMIFS(套件单价!G:G,套件单价!A:A,B44,套件单价!B:B,K44)) | U44: 3 | V44: =IF(B44="","",R44+S44+T44) | W44: =IF(B44="","",V44+U44)
A45: P10 | B45: 10 | C45: 1R1G | D45: 晶元金线 | E45: 5124 | F45: 15000 | G45: 160 | H45: 320 | I45: 黄色 | J45: 批次-310 | K45: 贴片 | L45: 512 | M45: 512 | O45: =IF(J45="","",SUMIFS(灯珠单价!B:B,灯珠单价!A:A,J45)) | P45: =IF(J45="","",SUMIFS(灯珠单价!C:C,灯珠单价!A:A,J45)) | Q45: =IF(J45="","",SUMIFS(灯珠单价!D:D,灯珠单价!A:A,J45)) | R45: =IF(B45="","",L45*O45+M45*P45+N45*Q45) | S45: 87.06 | T45: =IF(B45="","",SUMIFS(套件单价!G:G,套件单价!A:A,B45,套件单价!B:B,K45)) | U45: 3 | V45: =IF(B45="","",R45+S45+T45) | W45: =IF(B45="","",V45+U45)
A46: P10 | B46: 10 | C46: 1R1G1B | D46: 晶元金线 | E46: 5124 | F46: 15000 | G46: 160 | H46: 320 | I46: 黄白 | J46: 批次-310 | K46: 贴片 | L46: 512 | M46: 512 | N46: 512 | O46: =IF(J46="","",SUMIFS(灯珠单价!B:B,灯珠单价!A:A,J46)) | P46: =IF(J46="","",SUMIFS(灯珠单价!C:C,灯珠单价!A:A,J46)) | Q46: =IF(J46="","",SUMIFS(灯珠单价!D:D,灯珠单价!A:A,J46)) | R46: =IF(B46="","",L46*O46+M46*P46+N46*Q46) | S46: 91.14 | T46: =IF(B46="","",SUMIFS(套件单价!G:G,套件单价!A:A,B46,套件单价!B:B,K46)) | U46: 3 | V46: =IF(B46="","",R46+S46+T46) | W46: =IF(B46="","",V46+U46)
A47: P31.25 | B47: 31.25 | C47: 2R1G | D47: 晶元金线 | E47: 16289S | F47: 15000 | G47: 250 | H47: 250 | I47: 黄色 | J47: 批次-510 | K47: 贴片 | L47: 128 | M47: 64 | O47: =IF(J47="","",SUMIFS(灯珠单价!B:B,灯珠单价!A:A,J47)) | P47: =IF(J47="","",SUMIFS(灯珠单价!C:C,灯珠单价!A:A,J47)) | Q47: =IF(J47="","",SUMIFS(灯珠单价!D:D,灯珠单价!A:A,J47)) | R47: =IF(B47="","",L47*O47+M47*P47+N47*Q47) | T47: =IF(B47="","",SUMIFS(套件单价!G:G,套件单价!A:A,B47,套件单价!B:B,K47)) | U47: 3.5 | V47: =IF(B47="","",R47+S47+T47) | W47: =IF(B47="","",V47+U47)
A48: P31.25 | B48: 31.25 | C48: 2R1G1B | D48: 晶元金线 | E48: 16289S | F48: 15000 | G48: 250 | H48: 250 | I48: 黄白 | J48: 批次-510 | K48: 贴片 | L48: 128 | M48: 64 | N48: 64 | O48: =IF(J48="","",SUMIFS(灯珠单价!B:B,灯珠单价!A:A,J48)) | P48: =IF(J48="","",SUMIFS(灯珠单价!C:C,灯珠单价!A:A,J48)) | Q48: =IF(J48="","",SUMIFS(灯珠单价!D:D,灯珠单价!A:A,J48)) | R48: =IF(B48="","",L48*O48+M48*P48+N48*Q48) | T48: =IF(B48="","",SUMIFS(套件单价!G:G,套件单价!A:A,B48,套件单价!B:B,K48)) | U48: 3.5 | V48: =IF(B48="","",R48+S48+T48) | W48: =IF(B48="","",V48+U48)
A49: P25 | B49: 25 | C49: 2R1G | D49: 晶元金线 | E49: 16289S | F49: 15000 | G49: 200 | H49: 200 | I49: 黄色 | J49: 批次-510 | K49: 贴片 | L49: 128 | M49: 64 | O49: =IF(J49="","",SUMIFS(灯珠单价!B:B,灯珠单价!A:A,J49)) | P49: =IF(J49="","",SUMIFS(灯珠单价!C:C,灯珠单价!A:A,J49)) | Q49: =IF(J49="","",SUMIFS(灯珠单价!D:D,灯珠单价!A:A,J49)) | R49: =IF(B49="","",L49*O49+M49*P49+N49*Q49) | T49: =IF(B49="","",SUMIFS(套件单价!G:G,套件单价!A:A,B49,套件单价!B:B,K49)) | U49: 2.5 | V49: =IF(B49="","",R49+S49+T49) | W49: =IF(B49="","",V49+U49)
A50: P25 | B50: 25 | C50: 2R1G1B | D50: 晶元金线 | E50: 16289S | F50: 15000 | G50: 200 | H50: 200 | I50: 黄白 | J50: 批次-510 | K50: 贴片 | L50: 128 | M50: 64 | N50: 64 | O50: =IF(J50="","",SUMIFS(灯珠单价!B:B,灯珠单价!A:A,J50)) | P50: =IF(J50="","",SUMIFS(灯珠单价!C:C,灯珠单价!A:A,J50)) | Q50: =IF(J50="","",SUMIFS(灯珠单价!D:D,灯珠单价!A:A,J50)) | R50: =IF(B50="","",L50*O50+M50*P50+N50*Q50) | T50: =IF(B50="","",SUMIFS(套件单价!G:G,套件单价!A:A,B50,套件单价!B:B,K50)) | U50: 2.5 | V50: =IF(B50="","",R50+S50+T50) | W50: =IF(B50="","",V50+U50)
A51: P20 | B51: 20 | C51: 2R1G | D51: 晶元金线 | E51: 16289S | F51: 15000 | G51: 320 | H51: 160 | I51: 黄色 | J51: 批次-510 | K51: 贴片 | L51: 256 | M51: 128 | O51: =IF(J51="","",SUMIFS(灯珠单价!B:B,灯珠单价!A:A,J51)) | P51: =IF(J51="","",SUMIFS(灯珠单价!C:C,灯珠单价!A:A,J51)) | Q51: =IF(J51="","",SUMIFS(灯珠单价!D:D,灯珠单价!A:A,J51)) | R51: =IF(B51="","",L51*O51+M51*P51+N51*Q51) | T51: =IF(B51="","",SUMIFS(套件单价!G:G,套件单价!A:A,B51,套件单价!B:B,K51)) | U51: 3 | V51: =IF(B51="","",R51+S51+T51) | W51: =IF(B51="","",V51+U51)
A52: P20 | B52: 20 | C52: 1R1G1B | D52: 晶元金线 | E52: 16289S | F52: 15000 | G52: 320 | H52: 160 | I52: 黄白 | J52: 批次-510 | K52: 贴片 | L52: 128 | M52: 128 | N52: 128 | O52: =IF(J52="","",SUMIFS(灯珠单价!B:B,灯珠单价!A:A,J52)) | P52: =IF(J52="","",SUMIFS(灯珠单价!C:C,灯珠单价!A:A,J52)) | Q52: =IF(J52="","",SUMIFS(灯珠单价!D:D,灯珠单价!A:A,J52)) | R52: =IF(B52="","",L52*O52+M52*P52+N52*Q52) | T52: =IF(B52="","",SUMIFS(套件单价!G:G,套件单价!A:A,B52,套件单价!B:B,K52)) | U52: 3 | V52: =IF(B52="","",R52+S52+T52) | W52: =IF(B52="","",V52+U52)
A53: P20 | B53: 20 | C53: 2R1G1B | D53: 晶元金线 | E53: 16289S | F53: 15000 | G53: 320 | H53: 160 | I53: 黄白 | J53: 批次-510 | K53: 贴片 | L53: 256 | M53: 128 | N53: 128 | O53: =IF(J53="","",SUMIFS(灯珠单价!B:B,灯珠单价!A:A,J53)) | P53: =IF(J53="","",SUMIFS(灯珠单价!C:C,灯珠单价!A:A,J53)) | Q53: =IF(J53="","",SUMIFS(灯珠单价!D:D,灯珠单价!A:A,J53)) | R53: =IF(B53="","",L53*O53+M53*P53+N53*Q53) | T53: =IF(B53="","",SUMIFS(套件单价!G:G,套件单价!A:A,B53,套件单价!B:B,K53)) | U53: 3 | V53: =IF(B53="","",R53+S53+T53) | W53: =IF(B53="","",V53+U53)
A54: P16 | B54: 16 | C54: 2R1G | D54: 晶元金线 | E54: 16289S | F54: 15000 | G54: 256 | H54: 256 | I54: 黄色 | J54: 批次-510 | K54: 贴片 | L54: 512 | M54: 256 | O54: =IF(J54="","",SUMIFS(灯珠单价!B:B,灯珠单价!A:A,J54)) | P54: =IF(J54="","",SUMIFS(灯珠单价!C:C,灯珠单价!A:A,J54)) | Q54: =IF(J54="","",SUMIFS(灯珠单价!D:D,灯珠单价!A:A,J54)) | R54: =IF(B54="","",L54*O54+M54*P54+N54*Q54) | T54: =IF(B54="","",SUMIFS(套件单价!G:G,套件单价!A:A,B54,套件单价!B:B,K54)) | U54: 3.5 | V54: =IF(B54="","",R54+S54+T54) | W54: =IF(B54="","",V54+U54)
A55: P16 | B55: 16 | C55: 1R1G1B | D55: 晶元金线 | E55: 16289S | F55: 15000 | G55: 256 | H55: 256 | I55: 黄白 | J55: 批次-510 | K55: 贴片 | L55: 256 | M55: 256 | N55: 256 | O55: =IF(J55="","",SUMIFS(灯珠单价!B:B,灯珠单价!A:A,J55)) | P55: =IF(J55="","",SUMIFS(灯珠单价!C:C,灯珠单价!A:A,J55)) | Q55: =IF(J55="","",SUMIFS(灯珠单价!D:D,灯珠单价!A:A,J55)) | R55: =IF(B55="","",L55*O55+M55*P55+N55*Q55) | T55: =IF(B55="","",SUMIFS(套件单价!G:G,套件单价!A:A,B55,套件单价!B:B,K55)) | U55: 3.5 | V55: =IF(B55="","",R55+S55+T55) | W55: =IF(B55="","",V55+U55)
A56: P16 | B56: 16 | C56: 2R1G1B | D56: 晶元金线 | E56: 16289S | F56: 15000 | G56: 256 | H56: 256 | I56: 黄白 | J56: 批次-510 | K56: 贴片 | L56: 512 | M56: 256 | N56: 256 | O56: =IF(J56="","",SUMIFS(灯珠单价!B:B,灯珠单价!A:A,J56)) | P56: =IF(J56="","",SUMIFS(灯珠单价!C:C,灯珠单价!A:A,J56)) | Q56: =IF(J56="","",SUMIFS(灯珠单价!D:D,灯珠单价!A:A,J56)) | R56: =IF(B56="","",L56*O56+M56*P56+N56*Q56) | T56: =IF(B56="","",SUMIFS(套件单价!G:G,套件单价!A:A,B56,套件单价!B:B,K56)) | U56: 3.5 | V56: =IF(B56="","",R56+S56+T56) | W56: =IF(B56="","",V56+U56)
A57: P31.25 | B57: 31.25 | C57: 2R1G | D57: 晶元金线 | E57: 16289S | F57: 15000 | G57: 250 | H57: 250 | I57: 黄色 | J57: 批次-310 | K57: 贴片 | L57: 128 | M57: 64 | O57: =IF(J57="","",SUMIFS(灯珠单价!B:B,灯珠单价!A:A,J57)) | P57: =IF(J57="","",SUMIFS(灯珠单价!C:C,灯珠单价!A:A,J57)) | Q57: =IF(J57="","",SUMIFS(灯珠单价!D:D,灯珠单价!A:A,J57)) | R57: =IF(B57="","",L57*O57+M57*P57+N57*Q57) | T57: =IF(B57="","",SUMIFS(套件单价!G:G,套件单价!A:A,B57,套件单价!B:B,K57)) | U57: 3.5 | V57: =IF(B57="","",R57+S57+T57) | W57: =IF(B57="","",V57+U57)
A58: P31.25 | B58: 31.25 | C58: 2R1G1B | D58: 晶元金线 | E58: 16289S | F58: 15000 | G58: 250 | H58: 250 | I58: 黄白 | J58: 批次-310 | K58: 贴片 | L58: 128 | M58: 64 | N58: 64 | O58: =IF(J58="","",SUMIFS(灯珠单价!B:B,灯珠单价!A:A,J58)) | P58: =IF(J58="","",SUMIFS(灯珠单价!C:C,灯珠单价!A:A,J58)) | Q58: =IF(J58="","",SUMIFS(灯珠单价!D:D,灯珠单价!A:A,J58)) | R58: =IF(B58="","",L58*O58+M58*P58+N58*Q58) | T58: =IF(B58="","",SUMIFS(套件单价!G:G,套件单价!A:A,B58,套件单价!B:B,K58)) | U58: 3.5 | V58: =IF(B58="","",R58+S58+T58) | W58: =IF(B58="","",V58+U58)
A59: P25 | B59: 25 | C59: 2R1G | D59: 晶元金线 | E59: 16289S | F59: 15000 | G59: 200 | H59: 200 | I59: 黄色 | J59: 批次-310 | K59: 贴片 | L59: 128 | M59: 64 | O59: =IF(J59="","",SUMIFS(灯珠单价!B:B,灯珠单价!A:A,J59)) | P59: =IF(J59="","",SUMIFS(灯珠单价!C:C,灯珠单价!A:A,J59)) | Q59: =IF(J59="","",SUMIFS(灯珠单价!D:D,灯珠单价!A:A,J59)) | R59: =IF(B59="","",L59*O59+M59*P59+N59*Q59) | T59: =IF(B59="","",SUMIFS(套件单价!G:G,套件单价!A:A,B59,套件单价!B:B,K59)) | U59: 2.5 | V59: =IF(B59="","",R59+S59+T59) | W59: =IF(B59="","",V59+U59)
A60: P25 | B60: 25 | C60: 2R1G1B | D60: 晶元金线 | E60: 16289S | F60: 15000 | G60: 200 | H60: 200 | I60: 黄白 | J60: 批次-310 | K60: 贴片 | L60: 128 | M60: 64 | N60: 64 | O60: =IF(J60="","",SUMIFS(灯珠单价!B:B,灯珠单价!A:A,J60)) | P60: =IF(J60="","",SUMIFS(灯珠单价!C:C,灯珠单价!A:A,J60)) | Q60: =IF(J60="","",SUMIFS(灯珠单价!D:D,灯珠单价!A:A,J60)) | R60: =IF(B60="","",L60*O60+M60*P60+N60*Q60) | T60: =IF(B60="","",SUMIFS(套件单价!G:G,套件单价!A:A,B60,套件单价!B:B,K60)) | U60: 2.5 | V60: =IF(B60="","",R60+S60+T60) | W60: =IF(B60="","",V60+U60)
A61: P20 | B61: 20 | C61: 2R1G | D61: 晶元金线 | E61: 16289S | F61: 15000 | G61: 320 | H61: 160 | I61: 黄色 | J61: 批次-310 | K61: 贴片 | L61: 256 | M61: 128 | O61: =IF(J61="","",SUMIFS(灯珠单价!B:B,灯珠单价!A:A,J61)) | P61: =IF(J61="","",SUMIFS(灯珠单价!C:C,灯珠单价!A:A,J61)) | Q61: =IF(J61="","",SUMIFS(灯珠单价!D:D,灯珠单价!A:A,J61)) | R61: =IF(B61="","",L61*O61+M61*P61+N61*Q61) | T61: =IF(B61="","",SUMIFS(套件单价!G:G,套件单价!A:A,B61,套件单价!B:B,K61)) | U61: 3 | V61: =IF(B61="","",R61+S61+T61) | W61: =IF(B61="","",V61+U61)
A62: P20 | B62: 20 | C62: 1R1G1B | D62: 晶元金线 | E62: 16289S | F62: 15000 | G62: 320 | H62: 160 | I62: 黄白 | J62: 批次-310 | K62: 贴片 | L62: 128 | M62: 128 | N62: 128 | O62: =IF(J62="","",SUMIFS(灯珠单价!B:B,灯珠单价!A:A,J62)) | P62: =IF(J62="","",SUMIFS(灯珠单价!C:C,灯珠单价!A:A,J62)) | Q62: =IF(J62="","",SUMIFS(灯珠单价!D:D,灯珠单价!A:A,J62)) | R62: =IF(B62="","",L62*O62+M62*P62+N62*Q62) | T62: =IF(B62="","",SUMIFS(套件单价!G:G,套件单价!A:A,B62,套件单价!B:B,K62)) | U62: 3 | V62: =IF(B62="","",R62+S62+T62) | W62: =IF(B62="","",V62+U62)
A63: P20 | B63: 20 | C63: 2R1G1B | D63: 晶元金线 | E63: 16289S | F63: 15000 | G63: 320 | H63: 160 | I63: 黄白 | J63: 批次-310 | K63: 贴片 | L63: 256 | M63: 128 | N63: 128 | O63: =IF(J63="","",SUMIFS(灯珠单价!B:B,灯珠单价!A:A,J63)) | P63: =IF(J63="","",SUMIFS(灯珠单价!C:C,灯珠单价!A:A,J63)) | Q63: =IF(J63="","",SUMIFS(灯珠单价!D:D,灯珠单价!A:A,J63)) | R63: =IF(B63="","",L63*O63+M63*P63+N63*Q63) | T63: =IF(B63="","",SUMIFS(套件单价!G:G,套件单价!A:A,B63,套件单价!B:B,K63)) | U63: 3 | V63: =IF(B63="","",R63+S63+T63) | W63: =IF(B63="","",V63+U63)
A64: P16 | B64: 16 | C64: 2R1G | D64: 晶元金线 | E64: 16289S | F64: 15000 | G64: 256 | H64: 256 | I64: 黄色 | J64: 批次-310 | K64: 贴片 | L64: 512 | M64: 256 | O64: =IF(J64="","",SUMIFS(灯珠单价!B:B,灯珠单价!A:A,J64)) | P64: =IF(J64="","",SUMIFS(灯珠单价!C:C,灯珠单价!A:A,J64)) | Q64: =IF(J64="","",SUMIFS(灯珠单价!D:D,灯珠单价!A:A,J64)) | R64: =IF(B64="","",L64*O64+M64*P64+N64*Q64) | T64: =IF(B64="","",SUMIFS(套件单价!G:G,套件单价!A:A,B64,套件单价!B:B,K64)) | U64: 3.5 | V64: =IF(B64="","",R64+S64+T64) | W64: =IF(B64="","",V64+U64)
A65: P16 | B65: 16 | C65: 1R1G1B | D65: 晶元金线 | E65: 16289S | F65: 15000 | G65: 256 | H65: 256 | I65: 黄白 | J65: 批次-310 | K65: 贴片 | L65: 256 | M65: 256 | N65: 256 | O65: =IF(J65="","",SUMIFS(灯珠单价!B:B,灯珠单价!A:A,J65)) | P65: =IF(J65="","",SUMIFS(灯珠单价!C:C,灯珠单价!A:A,J65)) | Q65: =IF(J65="","",SUMIFS(灯珠单价!D:D,灯珠单价!A:A,J65)) | R65: =IF(B65="","",L65*O65+M65*P65+N65*Q65) | T65: =IF(B65="","",SUMIFS(套件单价!G:G,套件单价!A:A,B65,套件单价!B:B,K65)) | U65: 3.5 | V65: =IF(B65="","",R65+S65+T65) | W65: =IF(B65="","",V65+U65)
A66: P16 | B66: 16 | C66: 2R1G1B | D66: 晶元金线 | E66: 16289S | F66: 15000 | G66: 256 | H66: 256 | I66: 黄白 | J66: 批次-310 | K66: 贴片 | L66: 512 | M66: 256 | N66: 256 | O66: =IF(J66="","",SUMIFS(灯珠单价!B:B,灯珠单价!A:A,J66)) | P66: =IF(J66="","",SUMIFS(灯珠单价!C:C,灯珠单价!A:A,J66)) | Q66: =IF(J66="","",SUMIFS(灯珠单价!D:D,灯珠单价!A:A,J66)) | R66: =IF(B66="","",L66*O66+M66*P66+N66*Q66) | T66: =IF(B66="","",SUMIFS(套件单价!G:G,套件单价!A:A,B66,套件单价!B:B,K66)) | U66: 3.5 | V66: =IF(B66="","",R66+S66+T66) | W66: =IF(B66="","",V66+U66)
A67: P10 | B67: 10 | C67: 2R1G | D67: 晶元金线 | E67: 16289 | F67: 15000 | G67: 160 | H67: 320 | I67: 黄白 | J67: 批次-310 | K67: 贴片 | L67: 1024 | M67: 512 | O67: =IF(J67="","",SUMIFS(灯珠单价!B:B,灯珠单价!A:A,J67)) | P67: =IF(J67="","",SUMIFS(灯珠单价!C:C,灯珠单价!A:A,J67)) | Q67: =IF(J67="","",SUMIFS(灯珠单价!D:D,灯珠单价!A:A,J67)) | R67: =IF(B67="","",L67*O67+M67*P67+N67*Q67) | T67: =IF(B67="","",SUMIFS(套件单价!G:G,套件单价!A:A,B67,套件单价!B:B,K67)) | U67: 3 | V67: =IF(B67="","",R67+S67+T67) | W67: =IF(B67="","",V67+U67)
A68: P10 | B68: 10 | C68: 1R1G | D68: 晶元金线 | E68: 16289 | F68: 15000 | G68: 160 | H68: 320 | I68: 黄色 | J68: 批次-310 | K68: 贴片 | L68: 512 | M68: 512 | O68: =IF(J68="","",SUMIFS(灯珠单价!B:B,灯珠单价!A:A,J68)) | P68: =IF(J68="","",SUMIFS(灯珠单价!C:C,灯珠单价!A:A,J68)) | Q68: =IF(J68="","",SUMIFS(灯珠单价!D:D,灯珠单价!A:A,J68)) | R68: =IF(B68="","",L68*O68+M68*P68+N68*Q68) | T68: =IF(B68="","",SUMIFS(套件单价!G:G,套件单价!A:A,B68,套件单价!B:B,K68)) | U68: 3 | V68: =IF(B68="","",R68+S68+T68) | W68: =IF(B68="","",V68+U68)
A69: P10 | B69: 10 | C69: 1R1G1B | D69: 晶元金线 | E69: 16289 | F69: 15000 | G69: 160 | H69: 320 | I69: 黄白 | J69: 批次-310 | K69: 贴片 | L69: 512 | M69: 512 | N69: 512 | O69: =IF(J69="","",SUMIFS(灯珠单价!B:B,灯珠单价!A:A,J69)) | P69: =IF(J69="","",SUMIFS(灯珠单价!C:C,灯珠单价!A:A,J69)) | Q69: =IF(J69="","",SUMIFS(灯珠单价!D:D,灯珠单价!A:A,J69)) | R69: =IF(B69="","",L69*O69+M69*P69+N69*Q69) | T69: =IF(B69="","",SUMIFS(套件单价!G:G,套件单价!A:A,B69,套件单价!B:B,K69)) | U69: 3 | V69: =IF(B69="","",R69+S69+T69) | W69: =IF(B69="","",V69+U69)
A70: P31.25 | B70: 31.25 | C70: 4R2G | D70: 晶元金线 | E70: 5034B | F70: 15000 | G70: 250 | H70: 500 | I70: 黄色 | J70: 批次-310 | K70: 贴片 | L70: 512 | M70: 256 | O70: =IF(J70="","",SUMIFS(灯珠单价!B:B,灯珠单价!A:A,J70)) | P70: =IF(J70="","",SUMIFS(灯珠单价!C:C,灯珠单价!A:A,J70)) | Q70: =IF(J70="","",SUMIFS(灯珠单价!D:D,灯珠单价!A:A,J70)) | R70: =IF(B70="","",L70*O70+M70*P70+N70*Q70) | T70: =IF(B70="","",SUMIFS(套件单价!G:G,套件单价!A:A,B70,套件单价!B:B,K70)) | U70: 3.5 | V70: =IF(B70="","",R70+S70+T70) | W70: =IF(B70="","",V70+U70)
A71: P31.25 | B71: 31.25 | C71: 4R2G1B | D71: 晶元金线 | E71: 5034B | F71: 15000 | G71: 250 | H71: 500 | I71: 黄白 | J71: 批次-310 | K71: 贴片 | L71: 512 | M71: 256 | N71: 128 | O71: =IF(J71="","",SUMIFS(灯珠单价!B:B,灯珠单价!A:A,J71)) | P71: =IF(J71="","",SUMIFS(灯珠单价!C:C,灯珠单价!A:A,J71)) | Q71: =IF(J71="","",SUMIFS(灯珠单价!D:D,灯珠单价!A:A,J71)) | R71: =IF(B71="","",L71*O71+M71*P71+N71*Q71) | T71: =IF(B71="","",SUMIFS(套件单价!G:G,套件单价!A:A,B71,套件单价!B:B,K71)) | U71: 3.5 | V71: =IF(B71="","",R71+S71+T71) | W71: =IF(B71="","",V71+U71)
A72: P31.25 | B72: 31.25 | C72: 3R2G | D72: 晶元金线 | E72: 5034B | F72: 15000 | G72: 250 | H72: 500 | I72: 黄色 | J72: 批次-310 | K72: 贴片 | L72: 384 | M72: 256 | O72: =IF(J72="","",SUMIFS(灯珠单价!B:B,灯珠单价!A:A,J72)) | P72: =IF(J72="","",SUMIFS(灯珠单价!C:C,灯珠单价!A:A,J72)) | Q72: =IF(J72="","",SUMIFS(灯珠单价!D:D,灯珠单价!A:A,J72)) | R72: =IF(B72="","",L72*O72+M72*P72+N72*Q72) | T72: =IF(B72="","",SUMIFS(套件单价!G:G,套件单价!A:A,B72,套件单价!B:B,K72)) | U72: 3.5 | V72: =IF(B72="","",R72+S72+T72) | W72: =IF(B72="","",V72+U72)
A73: P31.25 | B73: 31.25 | C73: 3R2G1B | D73: 晶元金线 | E73: 5034B | F73: 15000 | G73: 250 | H73: 500 | I73: 黄白 | J73: 批次-310 | K73: 贴片 | L73: 384 | M73: 256 | N73: 128 | O73: =IF(J73="","",SUMIFS(灯珠单价!B:B,灯珠单价!A:A,J73)) | P73: =IF(J73="","",SUMIFS(灯珠单价!C:C,灯珠单价!A:A,J73)) | Q73: =IF(J73="","",SUMIFS(灯珠单价!D:D,灯珠单价!A:A,J73)) | R73: =IF(B73="","",L73*O73+M73*P73+N73*Q73) | T73: =IF(B73="","",SUMIFS(套件单价!G:G,套件单价!A:A,B73,套件单价!B:B,K73)) | U73: 3.5 | V73: =IF(B73="","",R73+S73+T73) | W73: =IF(B73="","",V73+U73)
A74: P31.25 | B74: 31.25 | C74: 2R1G | D74: 晶元金线 | E74: 5034B | F74: 15000 | G74: 250 | H74: 500 | I74: 黄色 | J74: 批次-310 | K74: 贴片 | L74: 256 | M74: 128 | O74: =IF(J74="","",SUMIFS(灯珠单价!B:B,灯珠单价!A:A,J74)) | P74: =IF(J74="","",SUMIFS(灯珠单价!C:C,灯珠单价!A:A,J74)) | Q74: =IF(J74="","",SUMIFS(灯珠单价!D:D,灯珠单价!A:A,J74)) | R74: =IF(B74="","",L74*O74+M74*P74+N74*Q74) | T74: =IF(B74="","",SUMIFS(套件单价!G:G,套件单价!A:A,B74,套件单价!B:B,K74)) | U74: 3.5 | V74: =IF(B74="","",R74+S74+T74) | W74: =IF(B74="","",V74+U74)
A75: P31.25 | B75: 31.25 | C75: 2R1G1B | D75: 晶元金线 | E75: 5034B | F75: 15000 | G75: 250 | H75: 500 | I75: 黄白 | J75: 批次-310 | K75: 贴片 | L75: 384 | M75: 128 | N75: 128 | O75: =IF(J75="","",SUMIFS(灯珠单价!B:B,灯珠单价!A:A,J75)) | P75: =IF(J75="","",SUMIFS(灯珠单价!C:C,灯珠单价!A:A,J75)) | Q75: =IF(J75="","",SUMIFS(灯珠单价!D:D,灯珠单价!A:A,J75)) | R75: =IF(B75="","",L75*O75+M75*P75+N75*Q75) | T75: =IF(B75="","",SUMIFS(套件单价!G:G,套件单价!A:A,B75,套件单价!B:B,K75)) | U75: 3.5 | V75: =IF(B75="","",R75+S75+T75) | W75: =IF(B75="","",V75+U75)
A76: P25 | B76: 25 | C76: 4R2G | D76: 晶元金线 | E76: 5034B | F76: 15000 | G76: 250 | H76: 500 | I76: 黄色 | J76: 批次-310 | K76: 贴片 | L76: 800 | M76: 400 | O76: =IF(J76="","",SUMIFS(灯珠单价!B:B,灯珠单价!A:A,J76)) | P76: =IF(J76="","",SUMIFS(灯珠单价!C:C,灯珠单价!A:A,J76)) | Q76: =IF(J76="","",SUMIFS(灯珠单价!D:D,灯珠单价!A:A,J76)) | R76: =IF(B76="","",L76*O76+M76*P76+N76*Q76) | T76: =IF(B76="","",SUMIFS(套件单价!G:G,套件单价!A:A,B76,套件单价!B:B,K76)) | U76: 3.5 | V76: =IF(B76="","",R76+S76+T76) | W76: =IF(B76="","",V76+U76)
A77: P25 | B77: 25 | C77: 3R2G | D77: 晶元金线 | E77: 5034B | F77: 15000 | G77: 250 | H77: 500 | I77: 黄色 | J77: 批次-310 | K77: 贴片 | L77: 600 | M77: 400 | O77: =IF(J77="","",SUMIFS(灯珠单价!B:B,灯珠单价!A:A,J77)) | P77: =IF(J77="","",SUMIFS(灯珠单价!C:C,灯珠单价!A:A,J77)) | Q77: =IF(J77="","",SUMIFS(灯珠单价!D:D,灯珠单价!A:A,J77)) | R77: =IF(B77="","",L77*O77+M77*P77+N77*Q77) | T77: =IF(B77="","",SUMIFS(套件单价!G:G,套件单价!A:A,B77,套件单价!B:B,K77)) | U77: 3.5 | V77: =IF(B77="","",R77+S77+T77) | W77: =IF(B77="","",V77+U77)
A78: P25 | B78: 25 | C78: 3R2G1B | D78: 晶元金线 | E78: 5034B | F78: 15000 | G78: 250 | H78: 500 | I78: 黄白 | J78: 批次-310 | K78: 贴片 | L78: 600 | M78: 400 | N78: 200 | O78: =IF(J78="","",SUMIFS(灯珠单价!B:B,灯珠单价!A:A,J78)) | P78: =IF(J78="","",SUMIFS(灯珠单价!C:C,灯珠单价!A:A,J78)) | Q78: =IF(J78="","",SUMIFS(灯珠单价!D:D,灯珠单价!A:A,J78)) | R78: =IF(B78="","",L78*O78+M78*P78+N78*Q78) | T78: =IF(B78="","",SUMIFS(套件单价!G:G,套件单价!A:A,B78,套件单价!B:B,K78)) | U78: 3.5 | V78: =IF(B78="","",R78+S78+T78) | W78: =IF(B78="","",V78+U78)
A79: P25 | B79: 25 | C79: 2R1G | D79: 晶元金线 | E79: 5034B | F79: 15000 | G79: 250 | H79: 500 | I79: 黄色 | J79: 批次-310 | K79: 贴片 | L79: 400 | M79: 200 | O79: =IF(J79="","",SUMIFS(灯珠单价!B:B,灯珠单价!A:A,J79)) | P79: =IF(J79="","",SUMIFS(灯珠单价!C:C,灯珠单价!A:A,J79)) | Q79: =IF(J79="","",SUMIFS(灯珠单价!D:D,灯珠单价!A:A,J79)) | R79: =IF(B79="","",L79*O79+M79*P79+N79*Q79) | T79: =IF(B79="","",SUMIFS(套件单价!G:G,套件单价!A:A,B79,套件单价!B:B,K79)) | U79: 3.5 | V79: =IF(B79="","",R79+S79+T79) | W79: =IF(B79="","",V79+U79)
A80: P25 | B80: 25 | C80: 2R1G1B | D80: 晶元金线 | E80: 5034B | F80: 15000 | G80: 250 | H80: 500 | I80: 黄白 | J80: 批次-310 | K80: 贴片 | L80: 400 | M80: 200 | N80: 200 | O80: =IF(J80="","",SUMIFS(灯珠单价!B:B,灯珠单价!A:A,J80)) | P80: =IF(J80="","",SUMIFS(灯珠单价!C:C,灯珠单价!A:A,J80)) | Q80: =IF(J80="","",SUMIFS(灯珠单价!D:D,灯珠单价!A:A,J80)) | R80: =IF(B80="","",L80*O80+M80*P80+N80*Q80) | T80: =IF(B80="","",SUMIFS(套件单价!G:G,套件单价!A:A,B80,套件单价!B:B,K80)) | U80: 3.5 | V80: =IF(B80="","",R80+S80+T80) | W80: =IF(B80="","",V80+U80)
A81: P20.833 | B81: 20.833 | C81: 2R1G | D81: 晶元金线 | E81: 5034B | F81: 15000 | G81: 250 | H81: 500 | I81: 黄色 | J81: 批次-310 | K81: 贴片 | L81: 576 | M81: 288 | O81: =IF(J81="","",SUMIFS(灯珠单价!B:B,灯珠单价!A:A,J81)) | P81: =IF(J81="","",SUMIFS(灯珠单价!C:C,灯珠单价!A:A,J81)) | Q81: =IF(J81="","",SUMIFS(灯珠单价!D:D,灯珠单价!A:A,J81)) | R81: =IF(B81="","",L81*O81+M81*P81+N81*Q81) | T81: =IF(B81="","",SUMIFS(套件单价!G:G,套件单价!A:A,B81,套件单价!B:B,K81)) | U81: 3.5 | V81: =IF(B81="","",R81+S81+T81) | W81: =IF(B81="","",V81+U81)
A82: P20.833 | B82: 20.833 | C82: 2R1G1B | D82: 晶元金线 | E82: 5034B | F82: 15000 | G82: 250 | H82: 500 | I82: 黄白 | J82: 批次-310 | K82: 贴片 | L82: 576 | M82: 288 | N82: 288 | O82: =IF(J82="","",SUMIFS(灯珠单价!B:B,灯珠单价!A:A,J82)) | P82: =IF(J82="","",SUMIFS(灯珠单价!C:C,灯珠单价!A:A,J82)) | Q82: =IF(J82="","",SUMIFS(灯珠单价!D:D,灯珠单价!A:A,J82)) | R82: =IF(B82="","",L82*O82+M82*P82+N82*Q82) | T82: =IF(B82="","",SUMIFS(套件单价!G:G,套件单价!A:A,B82,套件单价!B:B,K82)) | U82: 3.5 | V82: =IF(B82="","",R82+S82+T82) | W82: =IF(B82="","",V82+U82)
A83: P20.833 | B83: 20.833 | C83: 1R1G | D83: 晶元金线 | E83: 5034B | F83: 15000 | G83: 250 | H83: 500 | I83: 黄白 | J83: 批次-310 | K83: 贴片 | L83: 288 | M83: 288 | O83: =IF(J83="","",SUMIFS(灯珠单价!B:B,灯珠单价!A:A,J83)) | P83: =IF(J83="","",SUMIFS(灯珠单价!C:C,灯珠单价!A:A,J83)) | Q83: =IF(J83="","",SUMIFS(灯珠单价!D:D,灯珠单价!A:A,J83)) | R83: =IF(B83="","",L83*O83+M83*P83+N83*Q83) | T83: =IF(B83="","",SUMIFS(套件单价!G:G,套件单价!A:A,B83,套件单价!B:B,K83)) | U83: 3.5 | V83: =IF(B83="","",R83+S83+T83) | W83: =IF(B83="","",V83+U83)
A84: P20.833 | B84: 20.833 | C84: 1R1G1B | D84: 晶元金线 | E84: 5034B | F84: 15000 | G84: 250 | H84: 500 | I84: 黄白 | J84: 批次-310 | K84: 贴片 | L84: 288 | M84: 288 | N84: 288 | O84: =IF(J84="","",SUMIFS(灯珠单价!B:B,灯珠单价!A:A,J84)) | P84: =IF(J84="","",SUMIFS(灯珠单价!C:C,灯珠单价!A:A,J84)) | Q84: =IF(J84="","",SUMIFS(灯珠单价!D:D,灯珠单价!A:A,J84)) | R84: =IF(B84="","",L84*O84+M84*P84+N84*Q84) | T84: =IF(B84="","",SUMIFS(套件单价!G:G,套件单价!A:A,B84,套件单价!B:B,K84)) | U84: 3.5 | V84: =IF(B84="","",R84+S84+T84) | W84: =IF(B84="","",V84+U84)
A85: P15.625 | B85: 15.625 | C85: 2R1G | D85: 晶元金线 | E85: 5034B | F85: 15000 | G85: 250 | H85: 500 | I85: 黄色 | J85: 批次-310 | K85: 贴片 | L85: 1024 | M85: 512 | O85: =IF(J85="","",SUMIFS(灯珠单价!B:B,灯珠单价!A:A,J85)) | P85: =IF(J85="","",SUMIFS(灯珠单价!C:C,灯珠单价!A:A,J85)) | Q85: =IF(J85="","",SUMIFS(灯珠单价!D:D,灯珠单价!A:A,J85)) | R85: =IF(B85="","",L85*O85+M85*P85+N85*Q85) | T85: =IF(B85="","",SUMIFS(套件单价!G:G,套件单价!A:A,B85,套件单价!B:B,K85)) | U85: 3.5 | V85: =IF(B85="","",R85+S85+T85) | W85: =IF(B85="","",V85+U85)
A86: P15.625 | B86: 15.625 | C86: 2R1G1B | D86: 晶元金线 | E86: 5034B | F86: 15000 | G86: 250 | H86: 500 | I86: 黄白 | J86: 批次-310 | K86: 贴片 | L86: 1024 | M86: 512 | N86: 512 | O86: =IF(J86="","",SUMIFS(灯珠单价!B:B,灯珠单价!A:A,J86)) | P86: =IF(J86="","",SUMIFS(灯珠单价!C:C,灯珠单价!A:A,J86)) | Q86: =IF(J86="","",SUMIFS(灯珠单价!D:D,灯珠单价!A:A,J86)) | R86: =IF(B86="","",L86*O86+M86*P86+N86*Q86) | T86: =IF(B86="","",SUMIFS(套件单价!G:G,套件单价!A:A,B86,套件单价!B:B,K86)) | U86: 3.5 | V86: =IF(B86="","",R86+S86+T86) | W86: =IF(B86="","",V86+U86)
A87: P15.625 | B87: 15.625 | C87: 1R1G | D87: 晶元金线 | E87: 5034B | F87: 15000 | G87: 250 | H87: 500 | I87: 黄色 | J87: 批次-310 | K87: 贴片 | L87: 512 | M87: 512 | O87: =IF(J87="","",SUMIFS(灯珠单价!B:B,灯珠单价!A:A,J87)) | P87: =IF(J87="","",SUMIFS(灯珠单价!C:C,灯珠单价!A:A,J87)) | Q87: =IF(J87="","",SUMIFS(灯珠单价!D:D,灯珠单价!A:A,J87)) | R87: =IF(B87="","",L87*O87+M87*P87+N87*Q87) | T87: =IF(B87="","",SUMIFS(套件单价!G:G,套件单价!A:A,B87,套件单价!B:B,K87)) | U87: 3.5 | V87: =IF(B87="","",R87+S87+T87) | W87: =IF(B87="","",V87+U87)
A88: P15.625 | B88: 15.625 | C88: 1R1G1B | D88: 晶元金线 | E88: 5034B | F88: 15000 | G88: 250 | H88: 500 | I88: 黄白 | J88: 批次-310 | K88: 贴片 | L88: 512 | M88: 512 | N88: 512 | O88: =IF(J88="","",SUMIFS(灯珠单价!B:B,灯珠单价!A:A,J88)) | P88: =IF(J88="","",SUMIFS(灯珠单价!C:C,灯珠单价!A:A,J88)) | Q88: =IF(J88="","",SUMIFS(灯珠单价!D:D,灯珠单价!A:A,J88)) | R88: =IF(B88="","",L88*O88+M88*P88+N88*Q88) | T88: =IF(B88="","",SUMIFS(套件单价!G:G,套件单价!A:A,B88,套件单价!B:B,K88)) | U88: 3.5 | V88: =IF(B88="","",R88+S88+T88) | W88: =IF(B88="","",V88+U88)
A89: P10.416 | B89: 10.416 | C89: 2R1G | D89: 晶元金线 | E89: 5124 | F89: 15000 | G89: 250 | H89: 500 | I89: 黄白 | J89: 批次-310 | K89: 贴片 | L89: 2304 | M89: 1152 | O89: =IF(J89="","",SUMIFS(灯珠单价!B:B,灯珠单价!A:A,J89)) | P89: =IF(J89="","",SUMIFS(灯珠单价!C:C,灯珠单价!A:A,J89)) | Q89: =IF(J89="","",SUMIFS(灯珠单价!D:D,灯珠单价!A:A,J89)) | R89: =IF(B89="","",L89*O89+M89*P89+N89*Q89) | T89: =IF(B89="","",SUMIFS(套件单价!G:G,套件单价!A:A,B89,套件单价!B:B,K89)) | U89: 3.5 | V89: =IF(B89="","",R89+S89+T89) | W89: =IF(B89="","",V89+U89)
A90: P10.416 | B90: 10.416 | C90: 1R1G | D90: 晶元金线 | E90: 5124 | F90: 15000 | G90: 250 | H90: 500 | I90: 黄色 | J90: 批次-310 | K90: 贴片 | L90: 1152 | M90: 1152 | O90: =IF(J90="","",SUMIFS(灯珠单价!B:B,灯珠单价!A:A,J90)) | P90: =IF(J90="","",SUMIFS(灯珠单价!C:C,灯珠单价!A:A,J90)) | Q90: =IF(J90="","",SUMIFS(灯珠单价!D:D,灯珠单价!A:A,J90)) | R90: =IF(B90="","",L90*O90+M90*P90+N90*Q90) | T90: =IF(B90="","",SUMIFS(套件单价!G:G,套件单价!A:A,B90,套件单价!B:B,K90)) | U90: 3.5 | V90: =IF(B90="","",R90+S90+T90) | W90: =IF(B90="","",V90+U90)
A91: P10.416 | B91: 10.416 | C91: 1R1G1B | D91: 晶元金线 | E91: 5124 | F91: 15000 | G91: 250 | H91: 500 | I91: 黄白 | J91: 批次-310 | K91: 贴片 | L91: 1152 | M91: 1152 | N91: 1152 | O91: =IF(J91="","",SUMIFS(灯珠单价!B:B,灯珠单价!A:A,J91)) | P91: =IF(J91="","",SUMIFS(灯珠单价!C:C,灯珠单价!A:A,J91)) | Q91: =IF(J91="","",SUMIFS(灯珠单价!D:D,灯珠单价!A:A,J91)) | R91: =IF(B91="","",L91*O91+M91*P91+N91*Q91) | T91: =IF(B91="","",SUMIFS(套件单价!G:G,套件单价!A:A,B91,套件单价!B:B,K91)) | U91: 3.5 | V91: =IF(B91="","",R91+S91+T91) | W91: =IF(B91="","",V91+U91)
A92: P31.25 | B92: 31.25 | C92: 2R1G | D92: 晶元金线 | E92: 16289S | F92: 15000 | G92: 250 | H92: 500 | I92: 黄色 | J92: 批次-310 | K92: 贴片 | L92: 256 | M92: 128 | O92: =IF(J92="","",SUMIFS(灯珠单价!B:B,灯珠单价!A:A,J92)) | P92: =IF(J92="","",SUMIFS(灯珠单价!C:C,灯珠单价!A:A,J92)) | Q92: =IF(J92="","",SUMIFS(灯珠单价!D:D,灯珠单价!A:A,J92)) | R92: =IF(B92="","",L92*O92+M92*P92+N92*Q92) | T92: =IF(B92="","",SUMIFS(套件单价!G:G,套件单价!A:A,B92,套件单价!B:B,K92)) | U92: 3.5 | V92: =IF(B92="","",R92+S92+T92) | W92: =IF(B92="","",V92+U92)
A93: P31.25 | B93: 31.25 | C93: 2R1G1B | D93: 晶元金线 | E93: 16289S | F93: 15000 | G93: 250 | H93: 500 | I93: 黄白 | J93: 批次-310 | K93: 贴片 | L93: 256 | M93: 128 | N93: 128 | O93: =IF(J93="","",SUMIFS(灯珠单价!B:B,灯珠单价!A:A,J93)) | P93: =IF(J93="","",SUMIFS(灯珠单价!C:C,灯珠单价!A:A,J93)) | Q93: =IF(J93="","",SUMIFS(灯珠单价!D:D,灯珠单价!A:A,J93)) | R93: =IF(B93="","",L93*O93+M93*P93+N93*Q93) | T93: =IF(B93="","",SUMIFS(套件单价!G:G,套件单价!A:A,B93,套件单价!B:B,K93)) | U93: 3.5 | V93: =IF(B93="","",R93+S93+T93) | W93: =IF(B93="","",V93+U93)
A94: P25 | B94: 25 | C94: 2R1G | D94: 晶元金线 | E94: 16289S | F94: 15000 | G94: 250 | H94: 500 | I94: 黄色 | J94: 批次-310 | K94: 贴片 | L94: 400 | M94: 200 | O94: =IF(J94="","",SUMIFS(灯珠单价!B:B,灯珠单价!A:A,J94)) | P94: =IF(J94="","",SUMIFS(灯珠单价!C:C,灯珠单价!A:A,J94)) | Q94: =IF(J94="","",SUMIFS(灯珠单价!D:D,灯珠单价!A:A,J94)) | R94: =IF(B94="","",L94*O94+M94*P94+N94*Q94) | T94: =IF(B94="","",SUMIFS(套件单价!G:G,套件单价!A:A,B94,套件单价!B:B,K94)) | U94: 3.5 | V94: =IF(B94="","",R94+S94+T94) | W94: =IF(B94="","",V94+U94)
A95: P25 | B95: 25 | C95: 2R1G1B | D95: 晶元金线 | E95: 16289S | F95: 15000 | G95: 250 | H95: 500 | I95: 黄白 | J95: 批次-310 | K95: 贴片 | L95: 400 | M95: 200 | N95: 200 | O95: =IF(J95="","",SUMIFS(灯珠单价!B:B,灯珠单价!A:A,J95)) | P95: =IF(J95="","",SUMIFS(灯珠单价!C:C,灯珠单价!A:A,J95)) | Q95: =IF(J95="","",SUMIFS(灯珠单价!D:D,灯珠单价!A:A,J95)) | R95: =IF(B95="","",L95*O95+M95*P95+N95*Q95) | T95: =IF(B95="","",SUMIFS(套件单价!G:G,套件单价!A:A,B95,套件单价!B:B,K95)) | U95: 3.5 | V95: =IF(B95="","",R95+S95+T95) | W95: =IF(B95="","",V95+U95)
A96: P20.833 | B96: 20.833 | C96: 2R1G | D96: 晶元金线 | E96: 16289S | F96: 15000 | G96: 250 | H96: 500 | I96: 黄色 | J96: 批次-310 | K96: 贴片 | L96: 576 | M96: 288 | O96: =IF(J96="","",SUMIFS(灯珠单价!B:B,灯珠单价!A:A,J96)) | P96: =IF(J96="","",SUMIFS(灯珠单价!C:C,灯珠单价!A:A,J96)) | Q96: =IF(J96="","",SUMIFS(灯珠单价!D:D,灯珠单价!A:A,J96)) | R96: =IF(B96="","",L96*O96+M96*P96+N96*Q96) | T96: =IF(B96="","",SUMIFS(套件单价!G:G,套件单价!A:A,B96,套件单价!B:B,K96)) | U96: 5 | V96: =IF(B96="","",R96+S96+T96) | W96: =IF(B96="","",V96+U96)
A97: P20.833 | B97: 20.833 | C97: 2R1G1B | D97: 晶元金线 | E97: 16289S | F97: 15000 | G97: 250 | H97: 500 | I97: 黄白 | J97: 批次-310 | K97: 贴片 | L97: 576 | M97: 288 | N97: 288 | O97: =IF(J97="","",SUMIFS(灯珠单价!B:B,灯珠单价!A:A,J97)) | P97: =IF(J97="","",SUMIFS(灯珠单价!C:C,灯珠单价!A:A,J97)) | Q97: =IF(J97="","",SUMIFS(灯珠单价!D:D,灯珠单价!A:A,J97)) | R97: =IF(B97="","",L97*O97+M97*P97+N97*Q97) | T97: =IF(B97="","",SUMIFS(套件单价!G:G,套件单价!A:A,B97,套件单价!B:B,K97)) | U97: 5 | V97: =IF(B97="","",R97+S97+T97) | W97: =IF(B97="","",V97+U97)
A98: P20.833 | B98: 20.833 | C98: 1R1G1B | D98: 晶元金线 | E98: 16289S | F98: 15000 | G98: 250 | H98: 500 | I98: 黄白 | J98: 批次-310 | K98: 贴片 | L98: 288 | M98: 288 | N98: 288 | O98: =IF(J98="","",SUMIFS(灯珠单价!B:B,灯珠单价!A:A,J98)) | P98: =IF(J98="","",SUMIFS(灯珠单价!C:C,灯珠单价!A:A,J98)) | Q98: =IF(J98="","",SUMIFS(灯珠单价!D:D,灯珠单价!A:A,J98)) | R98: =IF(B98="","",L98*O98+M98*P98+N98*Q98) | T98: =IF(B98="","",SUMIFS(套件单价!G:G,套件单价!A:A,B98,套件单价!B:B,K98)) | U98: 5 | V98: =IF(B98="","",R98+S98+T98) | W98: =IF(B98="","",V98+U98)
A99: P15.625 | B99: 15.625 | C99: 2R1G | D99: 晶元金线 | E99: 16289S | F99: 15000 | G99: 250 | H99: 500 | I99: 黄色 | J99: 批次-310 | K99: 贴片 | L99: 1024 | M99: 512 | O99: =IF(J99="","",SUMIFS(灯珠单价!B:B,灯珠单价!A:A,J99)) | P99: =IF(J99="","",SUMIFS(灯珠单价!C:C,灯珠单价!A:A,J99)) | Q99: =IF(J99="","",SUMIFS(灯珠单价!D:D,灯珠单价!A:A,J99)) | R99: =IF(B99="","",L99*O99+M99*P99+N99*Q99) | T99: =IF(B99="","",SUMIFS(套件单价!G:G,套件单价!A:A,B99,套件单价!B:B,K99)) | U99: 5 | V99: =IF(B99="","",R99+S99+T99) | W99: =IF(B99="","",V99+U99)
A100: P15.625 | B100: 15.625 | C100: 2R1G1B | D100: 晶元金线 | E100: 16289S | F100: 15000 | G100: 250 | H100: 500 | I100: 黄白 | J100: 批次-310 | K100: 贴片 | L100: 1024 | M100: 512 | N100: 512 | O100: =IF(J100="","",SUMIFS(灯珠单价!B:B,灯珠单价!A:A,J100)) | P100: =IF(J100="","",SUMIFS(灯珠单价!C:C,灯珠单价!A:A,J100)) | Q100: =IF(J100="","",SUMIFS(灯珠单价!D:D,灯珠单价!A:A,J100)) | R100: =IF(B100="","",L100*O100+M100*P100+N100*Q100) | T100: =IF(B100="","",SUMIFS(套件单价!G:G,套件单价!A:A,B100,套件单价!B:B,K100)) | U100: 5 | V100: =IF(B100="","",R100+S100+T100) | W100: =IF(B100="","",V100+U100)
A101: P15.625 | B101: 15.625 | C101: 1R1G | D101: 晶元金线 | E101: 16289S | F101: 15000 | G101: 250 | H101: 500 | I101: 黄白 | J101: 批次-310 | K101: 贴片 | L101: 512 | M101: 512 | O101: =IF(J101="","",SUMIFS(灯珠单价!B:B,灯珠单价!A:A,J101)) | P101: =IF(J101="","",SUMIFS(灯珠单价!C:C,灯珠单价!A:A,J101)) | Q101: =IF(J101="","",SUMIFS(灯珠单价!D:D,灯珠单价!A:A,J101)) | R101: =IF(B101="","",L101*O101+M101*P101+N101*Q101) | T101: =IF(B101="","",SUMIFS(套件单价!G:G,套件单价!A:A,B101,套件单价!B:B,K101)) | U101: 5 | V101: =IF(B101="","",R101+S101+T101) | W101: =IF(B101="","",V101+U101)
A102: P15.625 | B102: 15.625 | C102: 1R1G1B | D102: 晶元金线 | E102: 16289S | F102: 15000 | G102: 250 | H102: 500 | I102: 黄白 | J102: 批次-310 | K102: 贴片 | L102: 512 | M102: 512 | N102: 512 | O102: =IF(J102="","",SUMIFS(灯珠单价!B:B,灯珠单价!A:A,J102)) | P102: =IF(J102="","",SUMIFS(灯珠单价!C:C,灯珠单价!A:A,J102)) | Q102: =IF(J102="","",SUMIFS(灯珠单价!D:D,灯珠单价!A:A,J102)) | R102: =IF(B102="","",L102*O102+M102*P102+N102*Q102) | T102: =IF(B102="","",SUMIFS(套件单价!G:G,套件单价!A:A,B102,套件单价!B:B,K102)) | U102: 5 | V102: =IF(B102="","",R102+S102+T102) | W102: =IF(B102="","",V102+U102)
...

Sheet 箱体单价
A2: 箱体名称要和「核算模板」里写的完全一致。本表不维护是否当前/生效日期。
A4: 箱体名称 | B4: 材料 | C4: 安装位置 | D4: 宽_mm | E4: 高_mm | F4: 密封 | G4: 包边 | H4: 含税单价 | I4: 备注
A5: 压铸铝箱体-全密封-含 | B5: 压铸铝 | D5: 1000 | E5: 1000 | F5: 全密封 | G5: 含
A6: 洞内压铸铝箱体-全密封-含 | B6: 压铸铝 | C6: 洞内 | D6: 1000 | E6: 1000 | F6: 全密封 | G6: 含
A7: 压铸铝箱体-后开放-含 | B7: 压铸铝 | D7: 1000 | E7: 1000 | F7: 后开放 | G7: 含
A8: 洞内压铸铝箱体-后开放-含 | B8: 压铸铝 | C8: 洞内 | D8: 1000 | E8: 1000 | F8: 后开放 | G8: 含
A9: 压铸铝箱体-后开放-含 | B9: 压铸铝 | D9: 1000 | E9: 750 | F9: 后开放 | G9: 含
A10: 门架铁箱体-全密封-含 | B10: 铁箱 | C10: 门架 | D10: 1000 | E10: 1000 | F10: 全密封 | G10: 含
A11: 门架铁箱体-全密封-含 | B11: 铁箱 | C11: 门架 | D11: 1000 | E11: 1000 | F11: 全密封 | G11: 含
A12: 悬臂铁箱体-全密封-含 | B12: 铁箱 | C12: 悬臂 | D12: 1000 | E12: 1000 | F12: 全密封 | G12: 含
A13: 悬臂铁箱体-全密封-含 | B13: 铁箱 | C13: 悬臂 | D13: 1000 | E13: 1000 | F13: 全密封 | G13: 含
A14: 洞内铁箱体-全密封-含 | B14: 铁箱 | C14: 洞内 | D14: 1000 | E14: 1000 | F14: 全密封 | G14: 含
A15: 车道屏背抱式-全密封-含 | C15: 车道 | D15: 1000 | E15: 1000 | F15: 全密封 | G15: 含

Sheet 核算模板
A2: 这里写算法，不写模组单价。绿色两列用来核对能否在模组价格表和箱体表里找到对应行。模组含税单价按本行「灌胶」在模组价格的含税单价_单面或_双面中取。辅料按每平方米填写。本表不维护是否当前。
A4: 安装形态 | B4: 点间距_mm | C4: 模组宽_mm | D4: 模组高_mm | E4: 配比 | F4: 驱动芯片 | G4: 灌胶 | H4: 灯珠批次 | I4: 工艺 | J4: 箱体名称 | K4: 每平方米电源数量 | L4: 每平方米接收卡数量 | M4: 每平方米辅料 | N4: 含立柱 | O4: 含抱箍 | P4: 含支架 | Q4: 含控制箱 | R4: 当前模组含税单价 | S4: 当前箱体含税单价 | T4: 备注
R5: =IF(B5="","",IF(G5="双面",SUMIFS(模组价格!W:W,模组价格!B:B,B5,模组价格!C:C,E5,模组价格!G:G,C5,模组价格!H:H,D5,模组价格!J:J,H5),SUMIFS(模组价格!V:V,模组价格!B:B,B5,模组价格!C:C,E5,模组价格!G:G,C5,模组价格!H:H,D5,模组价格!J:J,H5))) | S5: =IF(J5="","",SUMIFS(箱体单价!H:H,箱体单价!A:A,J5))
R6: =IF(B6="","",IF(G6="双面",SUMIFS(模组价格!W:W,模组价格!B:B,B6,模组价格!C:C,E6,模组价格!G:G,C6,模组价格!H:H,D6,模组价格!J:J,H6),SUMIFS(模组价格!V:V,模组价格!B:B,B6,模组价格!C:C,E6,模组价格!G:G,C6,模组价格!H:H,D6,模组价格!J:J,H6))) | S6: =IF(J6="","",SUMIFS(箱体单价!H:H,箱体单价!A:A,J6))
R7: =IF(C7="","",SUMIFS(模组价格!X:X,模组价格!A:A,"是",模组价格!C:C,C7,模组价格!D:D,F7,模组价格!H:H,D7,模组价格!I:I,E7,模组价格!K:K,H7,模组价格!L:L,I7)) | S7: =IF(K7="","",SUMIFS(箱体单价!J:J,箱体单价!A:A,"是",箱体单价!C:C,K7))
R8: =IF(C8="","",SUMIFS(模组价格!X:X,模组价格!A:A,"是",模组价格!C:C,C8,模组价格!D:D,F8,模组价格!H:H,D8,模组价格!I:I,E8,模组价格!K:K,H8,模组价格!L:L,I8)) | S8: =IF(K8="","",SUMIFS(箱体单价!J:J,箱体单价!A:A,"是",箱体单价!C:C,K8))
R9: =IF(C9="","",SUMIFS(模组价格!X:X,模组价格!A:A,"是",模组价格!C:C,C9,模组价格!D:D,F9,模组价格!H:H,D9,模组价格!I:I,E9,模组价格!K:K,H9,模组价格!L:L,I9)) | S9: =IF(K9="","",SUMIFS(箱体单价!J:J,箱体单价!A:A,"是",箱体单价!C:C,K9))
R10: =IF(C10="","",SUMIFS(模组价格!X:X,模组价格!A:A,"是",模组价格!C:C,C10,模组价格!D:D,F10,模组价格!H:H,D10,模组价格!I:I,E10,模组价格!K:K,H10,模组价格!L:L,I10)) | S10: =IF(K10="","",SUMIFS(箱体单价!J:J,箱体单价!A:A,"是",箱体单价!C:C,K10))
R11: =IF(C11="","",SUMIFS(模组价格!X:X,模组价格!A:A,"是",模组价格!C:C,C11,模组价格!D:D,F11,模组价格!H:H,D11,模组价格!I:I,E11,模组价格!K:K,H11,模组价格!L:L,I11)) | S11: =IF(K11="","",SUMIFS(箱体单价!J:J,箱体单价!A:A,"是",箱体单价!C:C,K11))
R12: =IF(C12="","",SUMIFS(模组价格!X:X,模组价格!A:A,"是",模组价格!C:C,C12,模组价格!D:D,F12,模组价格!H:H,D12,模组价格!I:I,E12,模组价格!K:K,H12,模组价格!L:L,I12)) | S12: =IF(K12="","",SUMIFS(箱体单价!J:J,箱体单价!A:A,"是",箱体单价!C:C,K12))
R13: =IF(C13="","",SUMIFS(模组价格!X:X,模组价格!A:A,"是",模组价格!C:C,C13,模组价格!D:D,F13,模组价格!H:H,D13,模组价格!I:I,E13,模组价格!K:K,H13,模组价格!L:L,I13)) | S13: =IF(K13="","",SUMIFS(箱体单价!J:J,箱体单价!A:A,"是",箱体单价!C:C,K13))
R14: =IF(C14="","",SUMIFS(模组价格!X:X,模组价格!A:A,"是",模组价格!C:C,C14,模组价格!D:D,F14,模组价格!H:H,D14,模组价格!I:I,E14,模组价格!K:K,H14,模组价格!L:L,I14)) | S14: =IF(K14="","",SUMIFS(箱体单价!J:J,箱体单价!A:A,"是",箱体单价!C:C,K14))
R15: =IF(C15="","",SUMIFS(模组价格!X:X,模组价格!A:A,"是",模组价格!C:C,C15,模组价格!D:D,F15,模组价格!H:H,D15,模组价格!I:I,E15,模组价格!K:K,H15,模组价格!L:L,I15)) | S15: =IF(K15="","",SUMIFS(箱体单价!J:J,箱体单价!A:A,"是",箱体单价!C:C,K15))
