Workbook

Sheet 说明
A1: 创迪情报板报价数据整理模版
A3: 这份表给人维护价格用。系统报价时来这里取数，不在核算模板里再抄一遍单价。
A4: 蓝色字是要填写的数。绿色字是公式，不要手改。黄色行是示例，填真实数据前请改掉或删除。
A5: 调价时直接改正文单价，或另存历史副本。本模版不维护「是否当前」「生效日期」。
A6: 供应商名称只填在「供应商」表。报价不读取该表。
A7: 详细步骤见同目录《填写说明.md》。
A9: 工作表 | B9: 谁填、填什么
A10: 灯珠单价 | B10: 成本维护人填写红、绿、蓝灯珠的含税单价。按灯珠批次分行。
A11: 套件单价 | B11: 成本维护人填写底壳、面罩、胶圈。套件合计由公式算出。按点间距和工艺分行。
A12: 模组价格 | B12: 成本维护人填写规格、灯珠颗数和加工费。灯珠单价和套件单价从前面两张表取来，含税单价由公式算出。单面灌胶的灌胶加价填 0，双面填加价。
A13: 箱体单价 | B13: 成本维护人按箱体名称填写含税单价。名称要和核算模板里写的一致。
A14: 核算模板 | B14: 填写某种情报板用哪种模组、每平方米用多少电源、接收卡和辅料，以及含不含立柱、抱箍、支架、控制箱。这里不填模组单价。绿色的「当前模组含税单价」用来核对能否在模组价格表里找到这一行。
A15: 供应商 | B15: 只给内部留底。报价不读这张表。

Sheet 灯珠单价
A2: 按灯珠批次分行。单价为含税。同一批次只保留一行有效价；本表不维护是否当前/生效日期。
A4: 灯珠批次 | B4: R单价 | C4: G单价 | D4: B单价 | E4: 备注
A5: 批次甲 | B5: 0.1 | C5: 0.2 | D5: 0.3 | E5: 示例行。请改成真实单价，或整行删除。

Sheet 套件单价
A2: 按点间距和工艺分行。绿色套件合计不要手改。本表不维护是否当前/生效日期。
A4: 点间距_mm | B4: 工艺 | C4: 底壳单价 | D4: 面罩数量 | E4: 面罩单价 | F4: 胶圈单价 | G4: 套件合计 | H4: 备注
A5: 25 | B5: 贴片 | C5: 10 | D5: 1 | E5: 5 | F5: 2 | G5: =IF(A5="","",C5+D5*E5+F5) | H5: 示例行。请改成真实单价，或整行删除。
G6: =IF(A6="","",C6+D6*E6+F6)
G7: =IF(C7="","",E7+F7*G7+H7)
G8: =IF(C8="","",E8+F8*G8+H8)
G9: =IF(C9="","",E9+F9*G9+H9)
G10: =IF(C10="","",E10+F10*G10+H10)
G11: =IF(C11="","",E11+F11*G11+H11)
G12: =IF(C12="","",E12+F12*G12+H12)
G13: =IF(C13="","",E13+F13*G13+H13)
G14: =IF(C14="","",E14+F14*G14+H14)
G15: =IF(C15="","",E15+F15*G15+H15)
G16: =IF(C16="","",E16+F16*G16+H16)
G17: =IF(C17="","",E17+F17*G17+H17)
G18: =IF(C18="","",E18+F18*G18+H18)
... G20: =IF(C20="","",E20+F20*G20+H20)

Sheet 模组价格
A2: 一行一个规格。单面与双面灌胶同属一行：填加工费和灌胶加价后，含税单价_单面＝灯珠合计＋加工费＋套件单价；含税单价_双面＝单面＋灌胶加价。R/G/B单价从「灯珠单价」按批次取，套件单价从「套件单价」按点间距和工艺取。本表不维护是否当前/生效日期。
A4: 名称 | B4: 点间距_mm | C4: 配比 | D4: 灯珠芯片 | E4: 驱动芯片 | F4: 亮度_cd每平方米 | G4: 模组宽_mm | H4: 模组高_mm | I4: 色品 | J4: 灯珠批次 | K4: 工艺 | L4: R数量 | M4: G数量 | N4: B数量 | O4: R单价 | P4: G单价 | Q4: B单价 | R4: 灯珠合计 | S4: 加工费 | T4: 套件单价 | U4: 灌胶加价 | V4: 含税单价_单面 | W4: 含税单价_双面 | X4: 备注
A5: P25 | B5: 25 | C5: 2R1G | D5: 填写灯珠芯片 | E5: 填写驱动芯片 | F5: 8000 | G5: 200 | H5: 200 | I5: 黄色 | J5: 批次甲 | K5: 贴片 | L5: 128 | M5: 64 | N5: 0 | O5: =IF(J5="","",SUMIFS(灯珠单价!B:B,灯珠单价!A:A,J5)) | P5: =IF(J5="","",SUMIFS(灯珠单价!C:C,灯珠单价!A:A,J5)) | Q5: =IF(J5="","",SUMIFS(灯珠单价!D:D,灯珠单价!A:A,J5)) | R5: =IF(B5="","",L5*O5+M5*P5+N5*Q5) | S5: 50 | T5: =IF(B5="","",SUMIFS(套件单价!G:G,套件单价!A:A,B5,套件单价!B:B,K5)) | U5: 3 | V5: =IF(B5="","",R5+S5+T5) | W5: =IF(B5="","",V5+U5) | X5: 示例行。灯珠批次、点间距、工艺须与前两张表示例一致，才能取出单价。单面/双面同属此行。

Sheet 箱体单价
A2: 箱体名称要和「核算模板」里写的完全一致。本表不维护是否当前/生效日期。
A4: 箱体名称 | B4: 材料 | C4: 安装位置 | D4: 宽_mm | E4: 高_mm | F4: 密封 | G4: 包边 | H4: 含税单价 | I4: 备注
A5: 门架铁箱示例 | B5: 铁箱 | C5: 门架 | D5: 1000 | E5: 1000 | F5: 全密封 | G5: 含 | H5: 800 | I5: 示例行。请改成真实箱体和单价。

Sheet 核算模板
A2: 这里写算法，不写模组单价。绿色两列用来核对能否在模组价格表和箱体表里找到对应行。模组含税单价按本行「灌胶」在模组价格的含税单价_单面或_双面中取。辅料按每平方米填写。本表不维护是否当前。
A4: 安装形态 | B4: 点间距_mm | C4: 模组宽_mm | D4: 模组高_mm | E4: 配比 | F4: 驱动芯片 | G4: 灌胶 | H4: 灯珠批次 | I4: 工艺 | J4: 箱体名称 | K4: 每平方米电源数量 | L4: 每平方米接收卡数量 | M4: 每平方米辅料 | N4: 含立柱 | O4: 含抱箍 | P4: 含支架 | Q4: 含控制箱 | R4: 当前模组含税单价 | S4: 当前箱体含税单价 | T4: 备注
A5: 悬臂式 | B5: 25 | C5: 200 | D5: 200 | E5: 2R1G | F5: 填写驱动芯片 | G5: 双面 | H5: 批次甲 | I5: 贴片 | J5: 门架铁箱示例 | K5: 1 | L5: 1 | M5: 20 | N5: 是 | O5: 否 | P5: 否 | Q5: 否 | R5: =IF(B5="","",IF(G5="双面",SUMIFS(模组价格!W:W,模组价格!B:B,B5,模组价格!C:C,E5,模组价格!G:G,C5,模组价格!H:H,D5,模组价格!J:J,H5),SUMIFS(模组价格!V:V,模组价格!B:B,B5,模组价格!C:C,E5,模组价格!G:G,C5,模组价格!H:H,D5,模组价格!J:J,H5))) | S5: =IF(J5="","",SUMIFS(箱体单价!H:H,箱体单价!A:A,J5)) | T5: 示例行。条件须与模组价格、箱体单价的示例一致，绿色单价才会出现数字。
R6: =IF(B6="","",IF(G6="双面",SUMIFS(模组价格!W:W,模组价格!B:B,B6,模组价格!C:C,E6,模组价格!G:G,C6,模组价格!H:H,D6,模组价格!J:J,H6),SUMIFS(模组价格!V:V,模组价格!B:B,B6,模组价格!C:C,E6,模组价格!G:G,C6,模组价格!H:H,D6,模组价格!J:J,H6))) | S6: =IF(J6="","",SUMIFS(箱体单价!H:H,箱体单价!A:A,J6))
R7: =IF(C7="","",SUMIFS(模组价格!X:X,模组价格!A:A,"是",模组价格!C:C,C7,模组价格!D:D,F7,模组价格!H:H,D7,模组价格!I:I,E7,模组价格!K:K,H7,模组价格!L:L,I7)) | S7: =IF(K7="","",SUMIFS(箱体单价!J:J,箱体单价!A:A,"是",箱体单价!C:C,K7))
R8: =IF(C8="","",SUMIFS(模组价格!X:X,模组价格!A:A,"是",模组价格!C:C,C8,模组价格!D:D,F8,模组价格!H:H,D8,模组价格!I:I,E8,模组价格!K:K,H8,模组价格!L:L,I8)) | S8: =IF(K8="","",SUMIFS(箱体单价!J:J,箱体单价!A:A,"是",箱体单价!C:C,K8))
R9: =IF(C9="","",SUMIFS(模组价格!X:X,模组价格!A:A,"是",模组价格!C:C,C9,模组价格!D:D,F9,模组价格!H:H,D9,模组价格!I:I,E9,模组价格!K:K,H9,模组价格!L:L,I9)) | S9: =IF(K9="","",SUMIFS(箱体单价!J:J,箱体单价!A:A,"是",箱体单价!C:C,K9))
R10: =IF(C10="","",SUMIFS(模组价格!X:X,模组价格!A:A,"是",模组价格!C:C,C10,模组价格!D:D,F10,模组价格!H:H,D10,模组价格!I:I,E10,模组价格!K:K,H10,模组价格!L:L,I10)) | S10: =IF(K10="","",SUMIFS(箱体单价!J:J,箱体单价!A:A,"是",箱体单价!C:C,K10))
R11: =IF(C11="","",SUMIFS(模组价格!X:X,模组价格!A:A,"是",模组价格!C:C,C11,模组价格!D:D,F11,模组价格!H:H,D11,模组价格!I:I,E11,模组价格!K:K,H11,模组价格!L:L,I11)) | S11: =IF(K11="","",SUMIFS(箱体单价!J:J,箱体单价!A:A,"是",箱体单价!C:C,K11))
R12: =IF(C12="","",SUMIFS(模组价格!X:X,模组价格!A:A,"是",模组价格!C:C,C12,模组价格!D:D,F12,模组价格!H:H,D12,模组价格!I:I,E12,模组价格!K:K,H12,模组价格!L:L,I12)) | S12: =IF(K12="","",SUMIFS(箱体单价!J:J,箱体单价!A:A,"是",箱体单价!C:C,K12))
R13: =IF(C13="","",SUMIFS(模组价格!X:X,模组价格!A:A,"是",模组价格!C:C,C13,模组价格!D:D,F13,模组价格!H:H,D13,模组价格!I:I,E13,模组价格!K:K,H13,模组价格!L:L,I13)) | S13: =IF(K13="","",SUMIFS(箱体单价!J:J,箱体单价!A:A,"是",箱体单价!C:C,K13))
R14: =IF(C14="","",SUMIFS(模组价格!X:X,模组价格!A:A,"是",模组价格!C:C,C14,模组价格!D:D,F14,模组价格!H:H,D14,模组价格!I:I,E14,模组价格!K:K,H14,模组价格!L:L,I14)) | S14: =IF(K14="","",SUMIFS(箱体单价!J:J,箱体单价!A:A,"是",箱体单价!C:C,K14))
R15: =IF(C15="","",SUMIFS(模组价格!X:X,模组价格!A:A,"是",模组价格!C:C,C15,模组价格!D:D,F15,模组价格!H:H,D15,模组价格!I:I,E15,模组价格!K:K,H15,模组价格!L:L,I15)) | S15: =IF(K15="","",SUMIFS(箱体单价!J:J,箱体单价!A:A,"是",箱体单价!C:C,K15))

Sheet 供应商
A1: 供应商（报价不读取）
A2: 这张表只给成本维护人留底。报价、检索和模型都不读这里。可以不填。
A4: 物料类别 | B4: 对应哪一行 | C4: 供应商名称 | D4: 备注
A5: 灯珠 | B5: 灯珠批次：批次甲 | D5: 示例。供应商请自行填写。
